"","Month","Longitude","Latitude","Location","Crime type","Postcode"
"1","2015-01",-6.003289,54.551654,"SALISBURY PLACE","Anti-social behaviour","BT179RZ"
"2","2015-01",-5.815976,54.731606,"MILEBUSH PARK","Anti-social behaviour","BT387QR"
"3","2015-01",-6.393411,54.197876,"COLLEGE SQUARE NORTH","Anti-social behaviour","BT16AR"
"4","2015-01",-6.251798,54.859702,"STAFFA DRIVE","Anti-social behaviour","BT424EH"
"5","2015-01",-7.206893,54.622652,"KILLYCLOGHER ROAD","Anti-social behaviour","BT790AX"
"6","2015-01",-5.915793,54.592416,"RAVENHILL REACH","Anti-social behaviour","BT68RA"
"7","2015-01",-7.322812,54.999402,"GREAT JAMES STREET","Anti-social behaviour","BT487BZ"
"8","2015-01",-5.95467,54.615677,"JAMAICA ROAD","Anti-social behaviour","BT147QW"
"9","2015-01",-6.707998,55.187033,"STATION ROAD","Anti-social behaviour","BT41RF"
"10","2015-01",-6.049408,54.513538,"ANTRIM STREET","Anti-social behaviour","BT281AU"
"11","2015-01",-5.709197,54.597064,"WESTLAND DRIVE","Anti-social behaviour","BT146NG"
"12","2015-01",-5.968582,54.600879,"WATERMOUTH CRESCENT","Anti-social behaviour","BT127FH"
"13","2015-01",-6.65232,55.203902,"DUNLUCE STREET","Anti-social behaviour","BT401JG"
"14","2015-01",-5.937312,54.61115,"KINNAIRD TERRACE","Anti-social behaviour","BT146BN"
"15","2015-01",-5.693269,54.648005,"CLANDEBOYE DRIVE","Anti-social behaviour","BT54PF"
"16","2015-01",-6.658618,55.148312,"WOODBURN CRESCENT","Anti-social behaviour","BT717DD"
"17","2015-01",-5.672675,54.659957,"DUFFERIN AVENUE","Anti-social behaviour","BT203AD"
"18","2015-01",-6.36561,54.444859,"HILLCREST MANOR","Anti-social behaviour","BT655BX"
"19","2015-01",-5.70894,54.316006,"BALLYMOTE PARK","Anti-social behaviour","BT306RW"
"20","2015-01",-5.957168,54.617112,"JAMAICA ROAD","Anti-social behaviour","BT147QW"
"21","2015-01",-7.184935,54.928131,"GULF ROAD","Anti-social behaviour","BT473TW"
"22","2015-01",-6.337027,54.182834,"MOURNE VIEW PARK","Anti-social behaviour","BT356BZ"
"23","2015-01",-5.929328,54.598579,"CASTLE LANE","Anti-social behaviour","BT235EB"
"24","2015-01",-5.905874,54.596648,"CLANDEBOYE GARDENS","Anti-social behaviour","BT54PE"
"25","2015-01",-7.445047,54.254263,"MAIN STREET","Anti-social behaviour","BT936HW"
"26","2015-01",-6.358575,54.183336,"PARKHEAD CRESCENT","Anti-social behaviour","BT358PE"
"27","2015-01",-5.70894,54.316006,"BALLYMOTE PARK","Anti-social behaviour","BT306RW"
"28","2015-01",-5.834315,54.641895,"SHORE ROAD","Anti-social behaviour","BT413NW"
"29","2015-01",-7.135157,54.488791,"RAROGAN ROAD","Anti-social behaviour","BT702DZ"
"30","2015-01",-5.956815,54.613656,"FLAX STREET","Anti-social behaviour","BT147EJ"
"31","2015-01",-7.206893,54.622652,"KILLYCLOGHER ROAD","Anti-social behaviour","BT790AX"
"32","2015-01",-5.922422,54.64786,"WHITEWELL CRESCENT","Anti-social behaviour","BT367HH"
"33","2015-01",-7.321754,54.594496,"CLONTARF HEIGHTS","Anti-social behaviour","BT785BL"
"34","2015-01",-5.862614,54.593564,"KNOCKHILL PARK","Anti-social behaviour","BT536DD"
"35","2015-01",-5.961001,54.604544,"CALEDON STREET","Anti-social behaviour","BT133AX"
"36","2015-01",-7.261995,54.594254,"DEVERNEY PARK","Anti-social behaviour","BT790ES"
"37","2015-01",-5.997012,54.754176,"MEADOW DRIVE","Anti-social behaviour","BT399XF"
"38","2015-01",-5.927755,54.613692,"GLENROSA STREET","Anti-social behaviour","BT152JB"
"39","2015-01",-5.937312,54.61115,"KINNAIRD TERRACE","Anti-social behaviour","BT146BN"
"40","2015-01",-6.025223,54.560289,"LAURELBANK","Anti-social behaviour","BT170RT"
"41","2015-01",-6.36286,54.439602,"CLANROLLA PARK","Anti-social behaviour","BT655HZ"
"42","2015-01",-5.832307,54.638876,"HILLVIEW PLACE","Anti-social behaviour","BT189DL"
"43","2015-01",-6.688922,54.533916,"TIROWEN COURT","Anti-social behaviour",""
"44","2015-01",-6.255593,54.863063,"SKYE PARK","Anti-social behaviour","BT424EB"
"45","2015-01",-6.335799,54.177929,"TREVOR HILL","Anti-social behaviour","BT341DN"
"46","2015-01",-7.630325,54.343561,"DERRYCHARA ROAD","Anti-social behaviour","BT746JF"
"47","2015-01",-6.201631,54.714439,"HILLCREST","Anti-social behaviour","BT668QU"
"48","2015-01",-6.206119,54.726311,"STEEPLE GREEN","Anti-social behaviour","BT411BP"
"49","2015-01",-6.343336,54.177134,"MONAGHAN STREET","Anti-social behaviour","BT356AA"
"50","2015-01",-6.030363,54.562376,"SALLY GARDENS LANE","Anti-social behaviour",""
"51","2015-01",-6.941795,55.040395,"GLENVIEW DRIVE","Anti-social behaviour","BT490RZ"
"52","2015-01",-5.959099,54.591519,"IRWELL COURT","Anti-social behaviour","BT126EZ"
"53","2015-01",-6.079112,54.516008,"KNOCKBURN GROVE","Anti-social behaviour","BT282QN"
"54","2015-01",-6.681433,55.12048,"BURNSIDE PARK","Anti-social behaviour","BT513AJ"
"55","2015-01",-7.325588,54.98951,"FERGUSON STREET","Anti-social behaviour","BT486TA"
"56","2015-01",-5.90511,54.687401,"TYNAN CLOSE","Anti-social behaviour","BT370JH"
"57","2015-01",-5.905815,54.675212,"FERNAGH GARDENS","Anti-social behaviour","BT370BL"
"58","2015-01",-6.014557,54.565973,"STEWARTSTOWN ROAD","Anti-social behaviour","BT714PF"
"59","2015-01",-6.547103,54.398547,"KILMORE ROAD","Anti-social behaviour","BT309HJ"
"60","2015-01",-5.960196,54.604871,"MAYO COURT","Anti-social behaviour","BT133BE"
"61","2015-01",-6.006943,54.572442,"ROSGOILL DRIVE","Anti-social behaviour","BT119QX"
"62","2015-01",-6.058297,54.500329,"BLARIS PARK","Anti-social behaviour","BT281NQ"
"63","2015-01",-7.641273,54.350602,"DERRIN ROAD","Anti-social behaviour","BT746BA"
"64","2015-01",-6.516756,54.811671,"HUNTERS PARK","Anti-social behaviour","BT458JE"
"65","2015-01",-6.748208,54.650616,"MILLBURN PARK","Anti-social behaviour","BT808HQ"
"66","2015-01",-5.939684,54.61323,"BRUCEVALE PARK","Anti-social behaviour","BT146BQ"
"67","2015-01",-5.814448,54.712692,"BELFAST ROAD","Anti-social behaviour","BT248EB"
"68","2015-01",-6.660878,55.137494,"ARTILLERY ROAD","Anti-social behaviour","BT522AJ"
"69","2015-01",-7.313373,54.377039,"SPOUT ROAD","Anti-social behaviour","BT750PD"
"70","2015-01",-7.45651,54.381119,"GLENVIEW PARK","Anti-social behaviour","BT370TG"
"71","2015-01",-5.941976,54.581301,"EGLANTINE AVENUE","Anti-social behaviour","BT96EU"
"72","2015-01",-5.699039,54.594157,"REGENT STREET","Anti-social behaviour","BT234LP"
"73","2015-01",-7.312731,55.014176,"BAY ROAD","Anti-social behaviour","BT401DG"
"74","2015-01",-6.413683,55.153976,"MAIN STREET","Anti-social behaviour","BT936HW"
"75","2015-01",-6.270103,54.855939,"BROOKE PARK","Anti-social behaviour","BT423BL"
"76","2015-01",-5.938129,54.612746,"BRUCEVALE COURT","Anti-social behaviour","BT146BG"
"77","2015-01",-6.385827,54.46505,"TANNAGHMORE GREEN","Anti-social behaviour","BT666LA"
"78","2015-01",-6.763744,54.47754,"MULLYBRANNON ROAD","Anti-social behaviour","BT717ER"
"79","2015-01",-6.671477,54.843945,"MAIN STREET","Anti-social behaviour","BT936HW"
"80","2015-01",-5.989987,54.628785,"WOLFHILL AVENUE SOUTH","Anti-social behaviour","BT148NU"
"81","2015-01",-6.521516,54.299929,"HALFORD MEWS","Anti-social behaviour","BT601PQ"
"82","2015-01",-6.059904,54.510077,"TONAGH MEWS","Anti-social behaviour","BT281DZ"
"83","2015-01",-6.179606,54.995874,"GLENRAVEL ROAD","Anti-social behaviour","BT436QQ"
"84","2015-01",-7.304696,54.599537,"JOHN STREET","Anti-social behaviour","BT486JY"
"85","2015-01",-6.294961,54.461861,"BELFAST ROAD","Anti-social behaviour","BT248EB"
"86","2015-01",-6.375505,54.193018,"MILLVALE PARK","Anti-social behaviour","BT357NL"
"87","2015-01",-6.265227,54.856328,"CHICHESTER PARK EAST","Anti-social behaviour","BT424BH"
"88","2015-01",-5.807505,54.59486,"UPPER NEWTOWNARDS ROAD","Anti-social behaviour","BT43NW"
"89","2015-01",-7.34522,55.029141,"UPPER GALLIAGH ROAD","Anti-social behaviour","BT488LW"
"90","2015-01",-5.927325,54.637378,"WAVENEY DRIVE","Anti-social behaviour","BT154FT"
"91","2015-01",-5.932635,54.591645,"VENTRY STREET","Anti-social behaviour","BT27JP"
"92","2015-01",-6.03621,54.506684,"DILL AVENUE","Anti-social behaviour","BT666HL"
"93","2015-01",-7.308118,54.992493,"BEN VARDEN AVENUE","Anti-social behaviour","BT472AS"
"94","2015-01",-5.709197,54.597064,"WESTLAND DRIVE","Anti-social behaviour","BT146NG"
"95","2015-01",-5.915622,54.576366,"ST. JUDES SQUARE","Anti-social behaviour",""
"96","2015-01",-6.4123,54.427828,"LYNDEN GATE","Anti-social behaviour","BT635YH"
"97","2015-01",-6.652541,55.206186,"MAIN STREET","Anti-social behaviour","BT936HW"
"98","2015-01",-7.301966,54.594518,"CANNON DALE","Anti-social behaviour","BT781JU"
"99","2015-01",-6.267382,54.354577,"MOUNTVIEW DRIVE","Anti-social behaviour","BT274JJ"
"100","2015-01",-5.980273,54.577301,"KENNEDY WAY","Anti-social behaviour","BT119AP"
"101","2015-01",-5.934686,54.59637,"MURRAY STREET","Anti-social behaviour","BT16DN"
"102","2015-01",-6.019697,54.558833,"GLASVEY RISE","Anti-social behaviour","BT170DZ"
"103","2015-01",-5.926802,54.598958,"ANN STREET","Anti-social behaviour","BT546AA"
"104","2015-01",-6.216453,54.590618,"CHESTNUT GLEN","Anti-social behaviour","BT294GJ"
"105","2015-01",-5.931632,54.57328,"LOCKVIEW ROAD","Anti-social behaviour","BT95GN"
"106","2015-01",-6.185575,54.711549,"DONORE CRESCENT","Anti-social behaviour","BT411JA"
"107","2015-01",-6.76282,54.514778,"OAKLEA","Anti-social behaviour","BT716JY"
"108","2015-01",-7.577581,54.340963,"BALLYLUCAS ROAD","Anti-social behaviour","BT308SZ"
"109","2015-01",-7.33208,54.99648,"WESTLAND MEWS","Anti-social behaviour","BT489EQ"
"110","2015-01",-6.646242,55.193693,"APOLLO AVENUE","Anti-social behaviour","BT568HH"
"111","2015-01",-6.635239,54.344817,"ORANGEFIELD CRESCENT","Anti-social behaviour","BT69GJ"
"112","2015-01",-5.67816,54.659182,"OSBORNE DRIVE","Anti-social behaviour","BT309SG"
"113","2015-01",-6.68826,54.249695,"ANNVALE ROAD","Anti-social behaviour","BT602SA"
"114","2015-01",-6.71069,54.529506,"BUSH ROAD","Anti-social behaviour","BT716QE"
"115","2015-01",-5.942221,54.659852,"FLORAL PARK","Anti-social behaviour","BT367RU"
"116","2015-01",-5.903877,54.5545,"BURNSIDE AVENUE","Anti-social behaviour","BT86HW"
"117","2015-01",-6.014801,54.563506,"MARGARETTA PARK","Anti-social behaviour","BT170JQ"
"118","2015-01",-6.358243,54.18166,"NURSERY DRIVE","Anti-social behaviour","BT358SF"
"119","2015-01",-5.951333,54.696197,"THE GLADE","Anti-social behaviour","BT365NW"
"120","2015-01",-5.925203,54.602102,"VICTORIA STREET","Anti-social behaviour","BT679DG"
"121","2015-01",-7.313373,54.377039,"SPOUT ROAD","Anti-social behaviour","BT750PD"
"122","2015-01",-5.869769,54.595523,"BETHANY STREET","Anti-social behaviour","BT43FE"
"123","2015-01",-7.161642,54.41763,"MCCREA PARK","Anti-social behaviour","BT760AE"
"124","2015-01",-5.794821,54.722327,"BARN ROAD","Anti-social behaviour","BT387EU"
"125","2015-01",-6.710606,55.099933,"FARRANSEER PARK","Anti-social behaviour","BT514NA"
"126","2015-01",-5.984893,54.596498,"NEW BARNSLEY GARDENS","Anti-social behaviour","BT127HP"
"127","2015-01",-6.77009,54.508707,"QUARRY LANE","Anti-social behaviour","BT701HX"
"128","2015-01",-5.925466,54.61305,"CLANMORRIS STREET","Anti-social behaviour","BT151GU"
"129","2015-01",-5.931345,54.624715,"PREMIER DRIVE","Anti-social behaviour","BT153LX"
"130","2015-01",-5.747209,54.551018,"CASTLE STREET","Anti-social behaviour","BT307QQ"
"131","2015-01",-5.962319,54.595212,"BEECHMOUNT PASS","Anti-social behaviour","BT127NZ"
"132","2015-01",-5.904684,54.556535,"GLENDALE PARK","Anti-social behaviour","BT86HS"
"133","2015-01",-5.782454,54.729919,"LENNOX CLOSE","Anti-social behaviour","BT387DF"
"134","2015-01",-6.934381,54.945496,"DRUMRANE ROAD","Anti-social behaviour","BT499LB"
"135","2015-01",-5.666286,54.663536,"HIGH STREET","Anti-social behaviour","BT248AB"
"136","2015-01",-7.152608,54.910617,"IRWIN CRESCENT","Anti-social behaviour","BT43AQ"
"137","2015-01",-6.35195,54.455249,"OLD PORTADOWN ROAD","Anti-social behaviour","BT668QN"
"138","2015-01",-6.931306,55.050697,"CASTLE PARK","Anti-social behaviour","BT490SB"
"139","2015-01",-6.219285,54.714583,"MARKET SQUARE","Anti-social behaviour","BT414DN"
"140","2015-01",-5.825945,54.724336,"PROSPECT DOWNS SOUTH","Anti-social behaviour","BT388SD"
"141","2015-01",-7.299491,54.604403,"OLD MOUNTFIELD ROAD","Anti-social behaviour","BT797BJ"
"142","2015-01",-6.352147,54.180112,"HOSPITAL ROAD","Anti-social behaviour","BT358PW"
"143","2015-01",-5.981575,54.594134,"WHITECLIFF PARADE","Anti-social behaviour","BT127JS"
"144","2015-01",-5.965442,54.609228,"BALLYGOMARTIN ROAD","Anti-social behaviour","BT133NA"
"145","2015-01",-6.290601,54.434747,"CAMBRAI DRIVE","Anti-social behaviour","BT667QT"
"146","2015-01",-6.18698,54.710663,"FIRMOUNT DRIVE","Anti-social behaviour","BT411JN"
"147","2015-01",-5.953215,54.600863,"ASHMORE PLACE","Anti-social behaviour","BT132PU"
"148","2015-01",-5.709197,54.597064,"WESTLAND DRIVE","Anti-social behaviour","BT146NG"
"149","2015-01",-6.159027,54.236922,"DOWNPATRICK STREET","Anti-social behaviour","BT309EA"
"150","2015-01",-6.941795,55.040395,"GLENVIEW DRIVE","Anti-social behaviour","BT490RZ"
"151","2015-01",-6.29926,54.311608,"NEWRY ROAD","Anti-social behaviour","BT323NB"
"152","2015-01",-7.325398,55.008283,"NORTHLAND ROAD","Anti-social behaviour","BT480AL"
"153","2015-01",-5.671813,54.659042,"RAILWAYVIEW STREET","Anti-social behaviour","BT203BY"
"154","2015-01",-5.865101,54.598666,"BELMONT CHURCH ROAD","Anti-social behaviour","BT43FF"
"155","2015-01",-5.922125,54.602355,"DONEGALL QUAY","Anti-social behaviour","BT13NJ"
"156","2015-01",-5.922125,54.602355,"DONEGALL QUAY","Anti-social behaviour","BT13NJ"
"157","2015-01",-6.027232,54.570556,"COLINVALE","Anti-social behaviour","BT170JN"
"158","2015-01",-6.67723,55.130504,"PATES LANE","Anti-social behaviour","BT513DE"
"159","2015-01",-7.161642,54.41763,"MCCREA PARK","Anti-social behaviour","BT760AE"
"160","2015-01",-6.044499,54.513512,"RAILWAY STREET","Anti-social behaviour","BT617HP"
"161","2015-01",-6.341111,54.178389,"LOWER CATHERINE STREET","Anti-social behaviour","BT356BE"
"162","2015-01",-7.342911,55.01543,"GWEEBARA PARK","Anti-social behaviour","BT480EE"
"163","2015-01",-6.22531,54.707043,"GREENPARK DRIVE","Anti-social behaviour","BT414EN"
"164","2015-01",-5.934248,54.25964,"STATION AVENUE","Anti-social behaviour","BT319PH"
"165","2015-01",-6.50387,55.077329,"AGHERTON GARDENS","Anti-social behaviour","BT536PR"
"166","2015-01",-5.923682,54.664171,"CARNREAGH BEND","Anti-social behaviour","BT379EH"
"167","2015-01",-5.734993,54.548857,"LABURNUM GROVE","Anti-social behaviour","BT235NS"
"168","2015-01",-7.474058,54.822328,"KORAM SQUARE","Anti-social behaviour","BT829DP"
"169","2015-01",-5.56478,54.537417,"DE COURCY PARK","Anti-social behaviour","BT222SA"
"170","2015-01",-5.881321,54.583749,"HOUSTON PARK","Anti-social behaviour","BT424LB"
"171","2015-01",-6.788563,54.506378,"MULLAGHMORE PARK","Anti-social behaviour","BT388RG"
"172","2015-01",-5.650517,54.401479,"BRAESIDE GARDENS","Anti-social behaviour","BT309QE"
"173","2015-01",-5.938106,54.578908,"LENNOXVALE","Anti-social behaviour","BT95BY"
"174","2015-01",-5.751298,54.398501,"TOBARMORE PARK","Anti-social behaviour","BT309HE"
"175","2015-01",-7.321576,54.997635,"WILLIAM STREET","Anti-social behaviour","BT486EP"
"176","2015-01",-6.283752,54.856843,"LEIGHINMOHR AVENUE","Anti-social behaviour","BT422AN"
"177","2015-01",-5.957705,54.687625,"MANSE TERRACE","Anti-social behaviour","BT365UJ"
"178","2015-01",-6.779428,54.501552,"WOODBURN CRESCENT","Anti-social behaviour","BT717DD"
"179","2015-01",-7.044257,55.042869,"CLOONEY ROAD","Anti-social behaviour","BT473DZ"
"180","2015-01",-6.202372,54.722949,"BUSH PARK","Anti-social behaviour","BT411BY"
"181","2015-01",-5.923333,54.584414,"FITZWILLIAM SQUARE","Anti-social behaviour","BT71JH"
"182","2015-01",-6.202833,54.71708,"PORTLEE WALK","Anti-social behaviour","BT411EL"
"183","2015-01",-5.925203,54.602102,"VICTORIA STREET","Anti-social behaviour","BT679DG"
"184","2015-01",-6.028976,54.528004,"LAMBEG ROAD","Anti-social behaviour","BT274QA"
"185","2015-01",-6.646242,55.193693,"APOLLO AVENUE","Anti-social behaviour","BT568HH"
"186","2015-01",-7.302675,54.991941,"GOOD SHEPHERD GLEN","Anti-social behaviour","BT472GA"
"187","2015-01",-6.087063,54.469808,"CULCAVY ROAD","Anti-social behaviour","BT266JD"
"188","2015-01",-5.894279,54.589546,"QUINTON STREET","Anti-social behaviour","BT55GR"
"189","2015-01",-5.927414,54.595132,"ALFRED STREET","Anti-social behaviour","BT28EP"
"190","2015-01",-6.294961,54.461861,"BELFAST ROAD","Anti-social behaviour","BT248EB"
"191","2015-01",-7.462554,54.353199,"GARDINERS CROSS ROAD","Anti-social behaviour","BT944QA"
"192","2015-01",-6.40621,54.43348,"LISNISKY LANE","Anti-social behaviour","BT635RB"
"193","2015-01",-6.448531,54.430994,"CHURCHILL GARDENS","Anti-social behaviour","BT621HE"
"194","2015-01",-5.951986,54.614868,"ARDILEA COURT","Anti-social behaviour","BT147DT"
"195","2015-01",-6.072687,54.509122,"MOIRA PARK","Anti-social behaviour","BT281SJ"
"196","2015-01",-6.456443,54.433683,"BALLYORAN PARK","Anti-social behaviour","BT621JN"
"197","2015-01",-5.698051,54.59165,"JOHN STREET","Anti-social behaviour","BT486JY"
"198","2015-01",-6.253506,54.101899,"EAST STREET","Anti-social behaviour","BT237DD"
"199","2015-01",-5.699252,54.593389,"MILL STREET","Anti-social behaviour","BT941GR"
"200","2015-01",-6.023766,54.519132,"HILDEN COURT","Anti-social behaviour","BT274YL"
"201","2015-01",-6.40621,54.43348,"LISNISKY LANE","Anti-social behaviour","BT635RB"
"202","2015-01",-5.906281,54.680027,"ABBEYCROFT ROAD","Anti-social behaviour","BT370YL"
"203","2015-01",-6.193796,54.719641,"CROSSREAGH DRIVE","Anti-social behaviour","BT379DY"
"204","2015-01",-6.230421,54.479666,"CASTLEVUE GARDENS","Anti-social behaviour","BT670JU"
"205","2015-01",-5.935169,54.588355,"LISBURN ROAD","Anti-social behaviour","BT97GY"
"206","2015-01",-5.744079,54.549746,"GILLESPIE COURT","Anti-social behaviour","BT235GL"
"207","2015-01",-5.9393,54.585909,"FITZWILLIAM STREET","Anti-social behaviour","BT96AW"
"208","2015-01",-5.938336,54.660666,"WHITEWELL MEWS","Anti-social behaviour","BT367EG"
"209","2015-01",-5.975881,54.622197,"LEGANN STREET","Anti-social behaviour","BT148AP"
"210","2015-01",-5.672622,54.649228,"HILL CREST","Anti-social behaviour","BT204EH"
"211","2015-01",-6.339564,54.180676,"ERSKINE STREET","Anti-social behaviour","BT356BX"
"212","2015-01",-5.861459,54.840128,"DRUMAHOE GARDENS","Anti-social behaviour","BT402SJ"
"213","2015-01",-5.928966,54.58346,"RUGBY STREET","Anti-social behaviour","BT71PX"
"214","2015-01",-5.979165,54.618739,"FORTHRIVER DRIVE","Anti-social behaviour","BT133UL"
"215","2015-01",-5.991937,54.58073,"BINGNIAN DRIVE","Anti-social behaviour","BT118JD"
"216","2015-01",-6.701296,54.539279,"PLATERS HILL","Anti-social behaviour","BT714JZ"
"217","2015-01",-7.641273,54.350602,"DERRIN ROAD","Anti-social behaviour","BT746BA"
"218","2015-01",-5.896437,54.549168,"FINSBURY CRESCENT","Anti-social behaviour","BT86GH"
"219","2015-01",-5.922125,54.602355,"DONEGALL QUAY","Anti-social behaviour","BT13NJ"
"220","2015-01",-5.858198,54.618429,"KNOCKNAGONEY PARK","Anti-social behaviour","BT42PU"
"221","2015-01",-6.332689,54.478039,"FOX'S HILL","Anti-social behaviour","BT679EZ"
"222","2015-01",-5.838481,54.638996,"EAN HILL","Anti-social behaviour","BT189LQ"
"223","2015-01",-5.712382,54.314076,"GLEBETOWN DRIVE","Anti-social behaviour","BT306QB"
"224","2015-01",-7.379644,54.718505,"DAVIS CRESCENT","Anti-social behaviour","BT784BP"
"225","2015-01",-6.456443,54.433683,"BALLYORAN PARK","Anti-social behaviour","BT621JN"
"226","2015-01",-5.701252,54.594424,"REGENT STREET","Anti-social behaviour","BT234LP"
"227","2015-01",-6.047399,54.506129,"HILLSBOROUGH ROAD","Anti-social behaviour","BT252BL"
"228","2015-01",-5.958754,54.612637,"BROOKFIELD PLACE","Anti-social behaviour","BT147FN"
"229","2015-01",-5.968348,54.601226,"WATERMOUTH CRESCENT","Anti-social behaviour","BT127FH"
"230","2015-01",-5.807505,54.59486,"UPPER NEWTOWNARDS ROAD","Anti-social behaviour","BT43NW"
"231","2015-01",-5.863614,54.577426,"LOWER BRANIEL ROAD","Anti-social behaviour","BT57PA"
"232","2015-01",-7.319177,55.019342,"RACECOURSE ROAD","Anti-social behaviour","BT488DS"
"233","2015-01",-6.701481,54.537367,"ARDNASAGGART TERRACE","Anti-social behaviour","BT714RG"
"234","2015-01",-5.745216,54.549875,"KILLINCHY STREET","Anti-social behaviour","BT235AP"
"235","2015-01",-7.30036,55.018983,"GLENEAGLES","Anti-social behaviour","BT449PQ"
"236","2015-01",-6.941427,55.041299,"GLENMORE GARDENS","Anti-social behaviour","BT490RT"
"237","2015-01",-5.987218,54.597372,"MOYARD PARADE","Anti-social behaviour","BT127HG"
"238","2015-01",-7.590255,54.355937,"CLOVER BRAE","Anti-social behaviour","BT744AB"
"239","2015-01",-5.923839,54.616428,"NORTH DERBY STREET","Anti-social behaviour","BT153HN"
"240","2015-01",-5.669344,54.659668,"MAIN STREET","Anti-social behaviour","BT936HW"
"241","2015-01",-5.930747,54.602952,"ROYAL AVENUE","Anti-social behaviour","BT11DD"
"242","2015-01",-7.354309,54.962789,"STONEYPATH","Anti-social behaviour","BT472AF"
"243","2015-01",-5.912228,54.67322,"STATION ROAD","Anti-social behaviour","BT41RF"
"244","2015-01",-7.276541,54.967436,"RUSHALL ROAD","Anti-social behaviour","BT473UG"
"245","2015-01",-5.800903,54.726975,"MANOR CLOSE","Anti-social behaviour","BT146DJ"
"246","2015-01",-7.4594,54.819119,"BALLYCOLMAN ESTATE","Anti-social behaviour","BT829AJ"
"247","2015-01",-6.667208,55.127296,"MOUNT STREET","Anti-social behaviour","BT251AT"
"248","2015-01",-6.178737,54.710045,"WILLOWDALE","Anti-social behaviour","BT537LX"
"249","2015-01",-6.6634,55.150727,"LOUGHANHILL PARK","Anti-social behaviour","BT522QD"
"250","2015-01",-7.314257,54.376586,"SPOUT WALK","Anti-social behaviour","BT750PA"
"251","2015-01",-6.256323,54.106532,"GANNA WAY","Anti-social behaviour","BT343LT"
"252","2015-01",-7.609154,54.353089,"LACKABOY VIEW","Anti-social behaviour","BT744DY"
"253","2015-01",-6.053481,54.502902,"BEECHLAND DRIVE","Anti-social behaviour","BT281HS"
"254","2015-01",-6.00906,54.544246,"ELM CORNER","Anti-social behaviour","BT179PY"
"255","2015-01",-6.523111,55.06806,"WESTONCROFT PARK","Anti-social behaviour","BT536TB"
"256","2015-01",-7.457364,54.759805,"FYFIN ROAD","Anti-social behaviour","BT829JH"
"257","2015-01",-6.647426,55.190274,"HOPEFIELD GARDENS","Anti-social behaviour","BT568QG"
"258","2015-01",-7.212808,54.981691,"LETTERSHENDONY AVENUE","Anti-social behaviour","BT473HY"
"259","2015-01",-7.321893,54.999244,"GREAT JAMES STREET","Anti-social behaviour","BT487BZ"
"260","2015-01",-5.492489,54.546479,"WESTLAND COURT","Anti-social behaviour","BT808WQ"
"261","2015-01",-6.749596,54.651313,"MILLBURN PARK","Anti-social behaviour","BT808HQ"
"262","2015-01",-6.655919,54.351032,"DAWSON STREET","Anti-social behaviour","BT617QT"
"263","2015-01",-5.933747,54.589552,"DONEGALL PASS","Anti-social behaviour","BT71DQ"
"264","2015-01",-6.739736,54.646009,"MOLESWORTH ROAD","Anti-social behaviour","BT808NR"
"265","2015-01",-5.976382,54.624272,"LEGGAGH COURT","Anti-social behaviour","BT148AY"
"266","2015-01",-6.230421,54.479666,"CASTLEVUE GARDENS","Anti-social behaviour","BT670JU"
"267","2015-01",-5.838481,54.638996,"EAN HILL","Anti-social behaviour","BT189LQ"
"268","2015-01",-5.952902,54.607713,"KESWICK STREET","Anti-social behaviour","BT131RW"
"269","2015-01",-6.610359,54.755642,"RAINEY STREET","Anti-social behaviour","BT455AH"
"270","2015-01",-5.703392,54.659187,"RATHMORE CRESCENT","Anti-social behaviour","BT191DG"
"271","2015-01",-5.891737,54.598019,"CONNSWATER STREET","Anti-social behaviour","BT41HT"
"272","2015-01",-5.971399,54.692914,"BALLYCLARE ROAD","Anti-social behaviour","BT365EA"
"273","2015-01",-5.990704,54.57592,"CROAGHAN GARDENS","Anti-social behaviour","BT118JG"
"274","2015-01",-5.925203,54.602102,"VICTORIA STREET","Anti-social behaviour","BT679DG"
"275","2015-01",-5.931541,54.596433,"DONEGALL SQUARE WEST","Anti-social behaviour","BT16JH"
"276","2015-01",-5.680131,54.654502,"OAKWOOD AVENUE","Anti-social behaviour","BT88SW"
"277","2015-01",-5.954722,54.678797,"PEMBROOKE COURT","Anti-social behaviour","BT365AD"
"278","2015-01",-6.122706,54.56787,"THE MEWS","Anti-social behaviour","BT546GD"
"279","2015-01",-5.740649,54.554193,"DARRAGH GARDENS","Anti-social behaviour","BT235QG"
"280","2015-01",-5.940876,54.622721,"VANCOUVER DRIVE","Anti-social behaviour","BT155BY"
"281","2015-01",-5.823735,54.592592,"ARDCARN PARK","Anti-social behaviour","BT57RQ"
"282","2015-01",-6.26995,54.348747,"RATHFRILAND STREET","Anti-social behaviour","BT323LA"
"283","2015-01",-5.758173,54.753498,"BRIDGEND ROAD","Anti-social behaviour","BT389LA"
"284","2015-01",-7.30162,54.602116,"DRUMRAGH AVENUE","Anti-social behaviour","BT781DP"
"285","2015-01",-5.872615,54.608602,"INVERWOOD GARDENS","Anti-social behaviour","BT41RG"
"286","2015-01",-6.282422,54.865071,"HOPE STREET","Anti-social behaviour","BT435EE"
"287","2015-01",-6.021382,54.573515,"GARVEY MANOR","Anti-social behaviour","BT274DQ"
"288","2015-01",-6.033432,54.51468,"WESLEY STREET","Anti-social behaviour","BT274TB"
"289","2015-01",-6.269004,54.877944,"HERBISON PARK","Anti-social behaviour","BT437DQ"
"290","2015-01",-6.220506,54.71399,"CLARKE COURT","Anti-social behaviour","BT414JS"
"291","2015-01",-5.982349,54.617588,"GLENCAIRN WAY","Anti-social behaviour","BT133TD"
"292","2015-01",-5.684268,54.591036,"INISHAROAN COURT","Anti-social behaviour","BT238LZ"
"293","2015-01",-5.959295,54.617911,"ETNA DRIVE","Anti-social behaviour","BT147LH"
"294","2015-01",-7.34701,54.992124,"CROMORE GARDENS","Anti-social behaviour","BT489TG"
"295","2015-01",-6.946046,55.039372,"GORTEEN CRESCENT","Anti-social behaviour","BT499EW"
"296","2015-01",-5.814448,54.712692,"BELFAST ROAD","Anti-social behaviour","BT248EB"
"297","2015-01",-6.218148,54.620885,"CIDERCOURT ROAD","Anti-social behaviour","BT294RX"
"298","2015-01",-6.737384,54.650934,"BEECHWAY","Anti-social behaviour","BT808LG"
"299","2015-01",-5.710843,54.646856,"RATHGAEL ROAD","Anti-social behaviour","BT191RU"
"300","2015-01",-6.743916,54.634544,"GORTALOWRY PARK","Anti-social behaviour","BT808JJ"
"301","2015-01",-5.954923,54.668935,"ANTRIM ROAD","Anti-social behaviour","BT152AH"
"302","2015-01",-6.681687,55.126088,"KYLEMORE ROAD","Anti-social behaviour","BT513HG"
"303","2015-01",-6.041629,54.542164,"MILLTOWN PARK","Anti-social behaviour","BT283TU"
"304","2015-01",-5.913227,54.603864,"QUEENS ROAD","Anti-social behaviour","BT39FB"
"305","2015-01",-6.342449,54.170958,"POOL LANE","Anti-social behaviour","BT358AW"
"306","2015-01",-5.887876,54.395883,"CARLISLE PARK","Anti-social behaviour","BT248HJ"
"307","2015-01",-6.575511,54.085227,"TRAINOR CRESCENT","Anti-social behaviour","BT359DP"
"308","2015-01",-6.341419,54.465904,"RECTORY PARK","Anti-social behaviour","BT666HP"
"309","2015-01",-7.324526,55.00623,"NORTHLAND ROAD","Anti-social behaviour","BT480AL"
"310","2015-01",-6.642377,54.347512,"GOUGH AVENUE","Anti-social behaviour","BT601BT"
"311","2015-01",-6.043742,54.512557,"RAILWAY STREET","Anti-social behaviour","BT617HP"
"312","2015-01",-6.673796,55.123415,"SCREEN ROAD","Anti-social behaviour","BT513AG"
"313","2015-01",-5.908489,54.590915,"RAVENHILL STREET","Anti-social behaviour","BT68EP"
"314","2015-01",-5.847257,54.59136,"BARNETTS GREEN","Anti-social behaviour","BT57AG"
"315","2015-01",-7.361057,55.01364,"SPRINGTOWN ROAD","Anti-social behaviour","BT480LY"
"316","2015-01",-5.92641,54.601179,"HILL STREET","Anti-social behaviour","BT12LB"
"317","2015-01",-5.93895,54.598042,"GALWAY STREET","Anti-social behaviour","BT124AF"
"318","2015-01",-5.913894,54.569337,"ORMEAU ROAD","Anti-social behaviour","BT73GA"
"319","2015-01",-6.27277,54.351555,"REILLY STREET","Anti-social behaviour","BT323DW"
"320","2015-01",-7.313551,54.989972,"SPENCER ROAD","Anti-social behaviour","BT476AA"
"321","2015-01",-5.669548,54.630667,"BREEZEMOUNT AVENUE","Anti-social behaviour","BT237TT"
"322","2015-01",-5.947836,54.607187,"CRIMEA STREET","Anti-social behaviour","BT131LT"
"323","2015-01",-5.841562,54.591375,"ABBEY PARK","Anti-social behaviour","BT57RU"
"324","2015-01",-5.932232,54.6234,"ASHFIELD GARDENS","Anti-social behaviour","BT153FW"
"325","2015-01",-6.411058,54.354794,"AUSTIN DRIVE","Anti-social behaviour","BT622AS"
"326","2015-01",-7.307629,54.599024,"JAMES STREET","Anti-social behaviour","BT781AP"
"327","2015-01",-5.621989,54.652844,"DEANFIELD","Anti-social behaviour","BT196NX"
"328","2015-01",-5.65874,54.639238,"RATHGILL DRIVE","Anti-social behaviour","BT197TE"
"329","2015-01",-6.6721,54.753846,"DURNASCALLON LANE","Anti-social behaviour","BT455LZ"
"330","2015-01",-5.908767,54.316681,"DUNTURK ROAD","Anti-social behaviour","BT319PF"
"331","2015-01",-6.446204,54.420425,"CHURCH STREET","Anti-social behaviour","BT343HN"
"332","2015-01",-7.274574,54.60025,"RIVERVIEW PARK","Anti-social behaviour","BT790ED"
"333","2015-01",-6.025558,54.537365,"MOSSIDE ROAD","Anti-social behaviour","BT179HH"
"334","2015-01",-5.856241,54.62002,"GLENDARRAGH MEWS","Anti-social behaviour","BT42WE"
"335","2015-01",-6.023044,54.559948,"STEWARTSTOWN ROAD","Anti-social behaviour","BT714PF"
"336","2015-01",-5.815299,54.641464,"PRINCESS PARK","Anti-social behaviour","BT180PP"
"337","2015-01",-5.955345,54.586155,"FRENCHPARK STREET","Anti-social behaviour","BT126HZ"
"338","2015-01",-6.321428,54.193148,"CARNEY HALL","Anti-social behaviour","BT341GA"
"339","2015-01",-6.692124,54.253627,"ANNVALE GARDENS","Anti-social behaviour","BT602RS"
"340","2015-01",-5.945246,54.612831,"MANOR STREET","Anti-social behaviour","BT146ED"
"341","2015-01",-6.677054,55.132497,"CASTLE LANE","Anti-social behaviour","BT235EB"
"342","2015-01",-6.341728,54.179035,"MAGINNIS STREET","Anti-social behaviour","BT356AR"
"343","2015-01",-5.87635,54.59306,"KIRKLISTON PARK","Anti-social behaviour","BT56EB"
"344","2015-01",-5.819368,54.851015,"BROADWAY","Anti-social behaviour","BT126HQ"
"345","2015-01",-7.351981,55.016206,"DRUMARD PARK","Anti-social behaviour","BT480RL"
"346","2015-01",-5.537864,54.381476,"BALLYPHILIP ROAD","Anti-social behaviour","BT221RD"
"347","2015-01",-5.852285,54.617515,"KNOCKNAGONEY WAY","Anti-social behaviour","BT42PX"
"348","2015-01",-5.920355,54.646171,"SHORE ROAD","Anti-social behaviour","BT413NW"
"349","2015-01",-6.030667,54.552228,"LAGMORE MEADOWS","Anti-social behaviour","BT170TH"
"350","2015-01",-5.877292,54.591001,"ORANGEFIELD GARDENS","Anti-social behaviour","BT56DP"
"351","2015-01",-6.01381,54.573705,"CREESLOUGH GARDENS","Anti-social behaviour","BT119HL"
"352","2015-01",-6.216453,54.590618,"CHESTNUT GLEN","Anti-social behaviour","BT294GJ"
"353","2015-01",-5.940006,54.61603,"BROOKHILL AVENUE","Anti-social behaviour","BT146BS"
"354","2015-01",-6.388933,54.443322,"PARKMORE","Anti-social behaviour","BT642AQ"
"355","2015-01",-6.680628,55.125385,"KYLEMORE ROAD","Anti-social behaviour","BT513HG"
"356","2015-01",-6.009672,54.059573,"MANSE ROAD","Anti-social behaviour","BT344BN"
"357","2015-01",-5.927095,54.60262,"HILL STREET","Anti-social behaviour","BT12LB"
"358","2015-01",-6.659032,54.346108,"NAVAN STREET","Anti-social behaviour","BT617EU"
"359","2015-01",-5.695135,54.592861,"HIGH STREET","Anti-social behaviour","BT248AB"
"360","2015-01",-5.699942,54.577587,"CANBERRA GARDENS","Anti-social behaviour","BT234RN"
"361","2015-01",-5.671813,54.659042,"RAILWAYVIEW STREET","Anti-social behaviour","BT203BY"
"362","2015-01",-5.74428,54.55143,"BRIDGE STREET LINK","Anti-social behaviour","BT235YH"
"363","2015-01",-5.780483,54.723656,"BONEYBEFORE","Anti-social behaviour","BT387EQ"
"364","2015-01",-5.906363,54.676021,"FERNAGH ROAD","Anti-social behaviour","BT370BE"
"365","2015-01",-5.847552,54.257494,"CHURCH VIEW","Anti-social behaviour","BT189DP"
"366","2015-01",-6.465392,54.425999,"SELSHION PARADE","Anti-social behaviour","BT624AT"
"367","2015-01",-5.982227,54.593147,"WHITECLIFF PARADE","Anti-social behaviour","BT127JS"
"368","2015-01",-5.704734,54.587275,"CARMEEN GARDENS","Anti-social behaviour","BT234PP"
"369","2015-01",-7.314174,54.984586,"CAMPION COURT","Anti-social behaviour","BT472EW"
"370","2015-01",-7.639894,54.351765,"DRUMCOR HILL","Anti-social behaviour","BT746BH"
"371","2015-01",-5.712699,54.322215,"ARDPATRICK AVENUE","Anti-social behaviour","BT306JF"
"372","2015-01",-5.673962,54.660764,"CENTRAL AVENUE","Anti-social behaviour","BT203AF"
"373","2015-01",-6.352745,54.183544,"FIRST AVENUE","Anti-social behaviour","BT356EZ"
"374","2015-01",-5.946687,54.611256,"LIFFEY COURT","Anti-social behaviour","BT146JG"
"375","2015-01",-5.876184,54.605448,"PALMERSTON ROAD","Anti-social behaviour","BT41QA"
"376","2015-01",-6.598811,54.752689,"BEECHLAND ROAD","Anti-social behaviour","BT456BG"
"377","2015-01",-5.88865,54.593078,"BEERSBRIDGE ROAD","Anti-social behaviour","BT55DY"
"378","2015-01",-5.956615,54.687095,"MANSE ROAD","Anti-social behaviour","BT344BN"
"379","2015-01",-6.697073,55.18167,"DUNSUIVNISH DRIVE","Anti-social behaviour","BT557EW"
"380","2015-01",-5.968119,54.62974,"BALLYSILLAN PARK","Anti-social behaviour","BT148HD"
"381","2015-01",-5.876184,54.605448,"PALMERSTON ROAD","Anti-social behaviour","BT41QA"
"382","2015-01",-5.619344,54.675283,"WESTHILL","Anti-social behaviour",""
"383","2015-01",-6.215958,54.722494,"AJAX COURT","Anti-social behaviour","BT414HH"
"384","2015-01",-6.356391,54.177754,"CASTLEKEELE","Anti-social behaviour","BT358GH"
"385","2015-01",-5.632742,54.661933,"BROOKLANDS MANOR","Anti-social behaviour","BT205LJ"
"386","2015-01",-6.213958,54.591767,"MAIN STREET","Anti-social behaviour","BT936HW"
"387","2015-01",-5.966717,54.555699,"MALTON RISE","Anti-social behaviour","BT96HY"
"388","2015-01",-5.891737,54.598019,"CONNSWATER STREET","Anti-social behaviour","BT41HT"
"389","2015-01",-5.981858,54.666269,"MAYFIELD ROAD","Anti-social behaviour","BT367WE"
"390","2015-01",-5.938179,54.617275,"OCEANIC AVENUE","Anti-social behaviour","BT152HS"
"391","2015-01",-5.923242,54.227301,"BRYANSFORD ROAD","Anti-social behaviour","BT330HJ"
"392","2015-01",-5.968551,54.63442,"LOUGHVIEW MANOR","Anti-social behaviour","BT148QS"
"393","2015-01",-5.965054,54.628161,"FORMBY PARK","Anti-social behaviour","BT146PS"
"394","2015-01",-5.940314,54.633538,"SLIEVEMOYNE PARK","Anti-social behaviour","BT155GZ"
"395","2015-01",-6.007763,54.576247,"CORRIB AVENUE","Anti-social behaviour","BT119JB"
"396","2015-01",-5.913227,54.603864,"QUEENS ROAD","Anti-social behaviour","BT39FB"
"397","2015-01",-6.436846,54.902743,"SKERDAN ROAD","Anti-social behaviour","BT448EY"
"398","2015-01",-6.168122,54.235892,"CHAPEL FIELDS","Anti-social behaviour","BT345AG"
"399","2015-01",-6.736924,54.634292,"CASTLE VILLAS","Anti-social behaviour","BT808JE"
"400","2015-01",-6.025333,54.540416,"KILLEATON GARDENS","Anti-social behaviour","BT179HF"
"401","2015-01",-6.464419,54.42401,"WESTLAND ROAD","Anti-social behaviour","BT624DE"
"402","2015-01",-5.97396,54.665805,"HOLLYBROOK GRANGE","Anti-social behaviour","BT364ZP"
"403","2015-01",-5.904877,54.597673,"BRYSON STREET","Anti-social behaviour","BT54ES"
"404","2015-01",-5.909936,54.674384,"PRINCES CRESCENT","Anti-social behaviour","BT370BB"
"405","2015-01",-5.937415,54.586776,"CLAREMONT STREET","Anti-social behaviour","BT96UA"
"406","2015-01",-7.152608,54.910617,"IRWIN CRESCENT","Anti-social behaviour","BT43AQ"
"407","2015-01",-5.680808,54.653509,"CLANDEBOYE ROAD","Anti-social behaviour","BT191AA"
"408","2015-01",-5.818716,54.852423,"EXCHANGE ROAD","Anti-social behaviour","BT401RX"
"409","2015-01",-5.885482,54.602556,"PARK AVENUE","Anti-social behaviour","BT41JJ"
"410","2015-01",-6.259856,55.197621,"ALTANANAM PARK","Anti-social behaviour","BT546EF"
"411","2015-01",-5.92577,54.600378,"CHURCH LANE","Anti-social behaviour","BT14QN"
"412","2015-01",-6.380637,54.448458,"ENNISKEEN","Anti-social behaviour","BT654AB"
"413","2015-01",-5.952344,54.613903,"ROTHSAY SQUARE","Anti-social behaviour","BT147BY"
"414","2015-01",-5.69818,54.65323,"KILLEEN AVENUE","Anti-social behaviour","BT191NB"
"415","2015-01",-5.93627,54.690407,"FORTHILL GROVE","Anti-social behaviour","BT366QW"
"416","2015-01",-7.350069,55.013573,"NORBURGH PARK","Anti-social behaviour","BT480RQ"
"417","2015-01",-6.68812,55.132131,"CARTHALL MANOR","Anti-social behaviour","BT513GR"
"418","2015-01",-6.069677,54.516972,"DRUMARD DRIVE","Anti-social behaviour","BT282HY"
"419","2015-01",-7.476513,54.788967,"PRIMROSE PARK","Anti-social behaviour","BT568TD"
"420","2015-01",-5.933756,54.229899,"CEDAR HEIGHTS","Anti-social behaviour","BT330PJ"
"421","2015-01",-6.700491,54.685994,"DRUMMEEN ROAD","Anti-social behaviour","BT457YW"
"422","2015-01",-6.65347,54.348795,"UPPER ENGLISH STREET","Anti-social behaviour","BT617BA"
"423","2015-01",-5.943815,54.61481,"CLIFTON CRESCENT","Anti-social behaviour","BT146LF"
"424","2015-01",-6.339656,54.194038,"HILL CRESCENT","Anti-social behaviour","BT341PS"
"425","2015-01",-7.467745,54.824465,"O'NOLAN PARK","Anti-social behaviour","BT829EW"
"426","2015-01",-5.671813,54.659042,"RAILWAYVIEW STREET","Anti-social behaviour","BT203BY"
"427","2015-01",-7.330341,54.617056,"BELTANY ROAD","Anti-social behaviour","BT785NA"
"428","2015-01",-6.67719,54.848229,"CRAWFORDSBURN","Anti-social behaviour","BT465AH"
"429","2015-01",-6.604494,54.750939,"SPERRIN VIEW","Anti-social behaviour","BT456DH"
"430","2015-01",-6.178737,54.710045,"WILLOWDALE","Anti-social behaviour","BT537LX"
"431","2015-01",-5.945429,54.599365,"ST. PETERS CLOSE","Anti-social behaviour",""
"432","2015-01",-5.654435,54.644851,"UPRITCHARD CRESCENT","Anti-social behaviour","BT197AS"
"433","2015-01",-5.887579,54.593445,"BEERSBRIDGE ROAD","Anti-social behaviour","BT55DY"
"434","2015-01",-7.321051,55.025029,"CARNHILL","Anti-social behaviour","BT488BA"
"435","2015-01",-6.338825,54.885441,"THE OLDE CLOSE","Anti-social behaviour","BT435AR"
"436","2015-01",-5.976813,54.600604,"HIGH LINK","Anti-social behaviour","BT133ED"
"437","2015-01",-5.842646,54.856884,"LINDARA DRIVE","Anti-social behaviour","BT402FB"
"438","2015-01",-6.354751,54.895028,"SHELLING HILL ROAD","Anti-social behaviour",""
"439","2015-01",-7.040246,54.465544,"OLD OMAGH ROAD","Anti-social behaviour","BT702AA"
"440","2015-01",-5.672675,54.659957,"DUFFERIN AVENUE","Anti-social behaviour","BT203AD"
"441","2015-01",-5.898364,54.588628,"EUSTON STREET","Anti-social behaviour","BT69AF"
"442","2015-01",-5.930334,54.599189,"CASTLE STREET","Anti-social behaviour","BT307QQ"
"443","2015-01",-5.999062,54.754506,"CAMERON COURT","Anti-social behaviour","BT399UZ"
"444","2015-01",-5.920302,54.691787,"TWINBURN CRESCENT","Anti-social behaviour","BT370ER"
"445","2015-01",-5.932505,54.610691,"DUNCAIRN PARADE","Anti-social behaviour","BT152EU"
"446","2015-01",-6.368121,54.187922,"MILLVALE ROAD","Anti-social behaviour","BT356JZ"
"447","2015-01",-6.338388,54.175242,"MARCUS STREET","Anti-social behaviour","BT341ET"
"448","2015-01",-6.368121,54.187922,"MILLVALE ROAD","Anti-social behaviour","BT356JZ"
"449","2015-01",-6.273761,54.350293,"SCARVA WALK","Anti-social behaviour","BT323AB"
"450","2015-01",-6.010874,54.572067,"LENADOON AVENUE","Anti-social behaviour","BT119HD"
"451","2015-01",-5.450373,54.456447,"WESTLEA DRIVE","Anti-social behaviour","BT221EY"
"452","2015-01",-7.4647,54.827658,"RAILWAY STREET","Anti-social behaviour","BT617HP"
"453","2015-01",-7.631701,54.344428,"FORTHILL ROAD","Anti-social behaviour","BT746AW"
"454","2015-01",-5.874955,54.606765,"PALMERSTON ROAD","Anti-social behaviour","BT41QA"
"455","2015-01",-5.959064,54.596874,"EARLSCOURT STREET","Anti-social behaviour","BT127AS"
"456","2015-01",-7.638878,54.344809,"TOWNHALL STREET","Anti-social behaviour","BT747BD"
"457","2015-01",-5.887579,54.593445,"BEERSBRIDGE ROAD","Anti-social behaviour","BT55DY"
"458","2015-01",-7.327798,55.030151,"FERGLEEN PARK","Anti-social behaviour","BT488LE"
"459","2015-01",-6.682212,55.114416,"SOMERSET PARK","Anti-social behaviour","BT513LH"
"460","2015-01",-7.355168,55.014382,"BARRS LANE","Anti-social behaviour",""
"461","2015-01",-6.68421,55.11371,"CEDAR GROVE","Anti-social behaviour","BT189QG"
"462","2015-01",-6.74201,54.647632,"UNION STREET","Anti-social behaviour","BT536HT"
"463","2015-01",-6.340077,54.181249,"GLENSANDRA","Anti-social behaviour",""
"464","2015-01",-6.655962,55.126993,"LODGE PARK","Anti-social behaviour","BT521UN"
"465","2015-01",-5.974811,54.684202,"DALEWOOD","Anti-social behaviour","BT365WR"
"466","2015-01",-5.701757,54.595898,"WILLIAM STREET MEWS","Anti-social behaviour","BT234RZ"
"467","2015-01",-5.901479,54.597254,"HARVEY COURT","Anti-social behaviour","BT54HA"
"468","2015-01",-6.664413,54.697173,"MAGHERAFELT ROAD","Anti-social behaviour","BT455PJ"
"469","2015-01",-6.353661,54.194814,"FAIRFIELD HEIGHTS","Anti-social behaviour","BT356SJ"
"470","2015-01",-6.330384,54.461152,"MOORES LANE","Anti-social behaviour","BT668DW"
"471","2015-01",-5.766596,54.547837,"GLEN PARK","Anti-social behaviour","BT714PP"
"472","2015-01",-6.198046,54.553032,"GLENAVY ROAD","Anti-social behaviour","BT283UT"
"473","2015-01",-5.63503,54.306581,"BALLYCRUTTLE ROAD","Anti-social behaviour","BT307EL"
"474","2015-01",-5.918781,54.59935,"ROTTERDAM COURT","Anti-social behaviour","BT54DT"
"475","2015-01",-6.950053,55.041068,"ROEMILL COURT","Anti-social behaviour","BT499NP"
"476","2015-01",-6.273283,54.871527,"DEVENAGH WAY","Anti-social behaviour","BT436EW"
"477","2015-01",-7.325601,55.001753,"ASYLUM ROAD","Anti-social behaviour","BT487DL"
"478","2015-01",-5.933769,54.619958,"DUNMORE AVENUE","Anti-social behaviour","BT153GR"
"479","2015-01",-7.323196,55.035973,"FERNABBEY DRIVE","Anti-social behaviour","BT488RE"
"480","2015-01",-5.940603,54.258383,"CLARMONT AVENUE","Anti-social behaviour","BT319BX"
"481","2015-01",-6.047732,54.511444,"BOW STREET","Anti-social behaviour","BT281AW"
"482","2015-01",-7.466078,54.814019,"BALLYCOLMAN ROAD","Anti-social behaviour","BT829PH"
"483","2015-01",-6.332962,54.455779,"RUSSELL DRIVE","Anti-social behaviour","BT668HE"
"484","2015-01",-5.940605,54.600811,"FINGALS COURT","Anti-social behaviour","BT132DP"
"485","2015-01",-5.937639,54.584479,"ELMWOOD AVENUE","Anti-social behaviour","BT96AZ"
"486","2015-01",-6.944669,55.039971,"COOLESSAN WALK","Anti-social behaviour","BT499EN"
"487","2015-01",-5.953155,54.672948,"GLEBECOOLE DRIVE","Anti-social behaviour","BT366HZ"
"488","2015-01",-5.890038,54.212311,"VALENTIA PLACE","Anti-social behaviour","BT330EH"
"489","2015-01",-5.925203,54.602102,"VICTORIA STREET","Anti-social behaviour","BT679DG"
"490","2015-01",-6.747965,54.647936,"ORRITOR CRESCENT","Anti-social behaviour","BT808BQ"
"491","2015-01",-5.955518,54.619141,"DEERPARK ROAD","Anti-social behaviour","BT147PX"
"492","2015-01",-5.440825,54.462895,"SPRINGFIELD GARDENS","Anti-social behaviour","BT221ES"
"493","2015-01",-7.30036,55.018983,"GLENEAGLES","Anti-social behaviour","BT449PQ"
"494","2015-01",-7.462457,54.817282,"BALLYCOLMAN ESTATE","Anti-social behaviour","BT829AJ"
"495","2015-01",-5.97733,54.590801,"WHITEROCK ROAD","Anti-social behaviour","BT127FX"
"496","2015-01",-7.278605,55.046442,"ARDANLEE","Anti-social behaviour","BT488RR"
"497","2015-01",-7.286493,54.970611,"RIDGEWAY DRIVE","Anti-social behaviour","BT473UX"
"498","2015-01",-5.927313,54.599865,"HIGH STREET","Anti-social behaviour","BT248AB"
"499","2015-01",-6.774502,55.146182,"DUNBOE GARDENS","Anti-social behaviour","BT514XN"
"500","2015-01",-6.213958,54.591767,"MAIN STREET","Anti-social behaviour","BT936HW"
"501","2015-01",-6.534298,55.079334,"BECKETT AVENUE","Anti-social behaviour","BT536TX"
"502","2015-01",-5.699942,54.577587,"CANBERRA GARDENS","Anti-social behaviour","BT234RN"
"503","2015-01",-5.935501,54.613285,"HALLIDAYS ROAD","Anti-social behaviour","BT152LR"
"504","2015-01",-5.933149,54.625177,"SOMERTON ROAD","Anti-social behaviour","BT154DH"
"505","2015-01",-6.663686,55.133707,"RAILWAY PLACE","Anti-social behaviour","BT521PQ"
"506","2015-01",-6.941795,55.040395,"GLENVIEW DRIVE","Anti-social behaviour","BT490RZ"
"507","2015-01",-6.2783,54.875165,"SANDOWN PARK","Anti-social behaviour","BT282EN"
"508","2015-01",-5.900468,54.556759,"GLENHOLM DRIVE","Anti-social behaviour","BT86LW"
"509","2015-01",-5.987889,54.594427,"SPRINGFIELD ROAD","Anti-social behaviour","BT205BZ"
"510","2015-01",-5.960744,54.631045,"BALLYSILLAN ROAD","Anti-social behaviour","BT146RE"
"511","2015-01",-7.460293,54.818584,"BALLYCOLMAN ESTATE","Anti-social behaviour","BT829AJ"
"512","2015-01",-6.351678,54.174185,"ALTMORE GARDENS","Anti-social behaviour","BT358EX"
"513","2015-01",-7.449785,54.829442,"BALLEE GROVE","Anti-social behaviour","BT828RP"
"514","2015-01",-6.740384,54.650615,"BEECHWAY","Anti-social behaviour","BT808LG"
"515","2015-01",-6.453803,54.433011,"BALLYORAN PARK","Anti-social behaviour","BT621JN"
"516","2015-01",-5.770608,54.496955,"MOSS ROAD","Anti-social behaviour","BT222DS"
"517","2015-01",-6.70488,54.538814,"DUNGANNON ROAD","Anti-social behaviour","BT714HP"
"518","2015-01",-5.873313,54.574443,"CASAELDONA PARK","Anti-social behaviour","BT69RB"
"519","2015-01",-6.943773,55.044311,"GREYSTONE PARK","Anti-social behaviour","BT490EQ"
"520","2015-01",-5.962496,54.669691,"RURAL GARDENS","Anti-social behaviour","BT367UD"
"521","2015-01",-6.936923,55.044233,"DRUMACHOSE PARK","Anti-social behaviour","BT490NZ"
"522","2015-01",-6.703511,54.248189,"HIGH STREET","Anti-social behaviour","BT248AB"
"523","2015-01",-6.780717,54.503352,"BALLYGAWLEY ROAD","Anti-social behaviour","BT701RW"
"524","2015-01",-5.961492,54.63157,"CARRS GLEN PARK","Anti-social behaviour","BT148HF"
"525","2015-01",-6.943048,55.040343,"GLENMILL PARK","Anti-social behaviour","BT490RS"
"526","2015-01",-7.316331,54.984464,"BARDS HILL","Anti-social behaviour","BT472DR"
"527","2015-01",-6.948169,55.043118,"ROE MILL GARDENS","Anti-social behaviour","BT499AU"
"528","2015-01",-5.926106,54.582198,"CARMEL STREET","Anti-social behaviour","BT71QE"
"529","2015-01",-7.641261,54.353737,"BRAESIDE PARK","Anti-social behaviour","BT366AS"
"530","2015-01",-6.215687,54.737134,"ARGYLL STREET","Anti-social behaviour","BT412TW"
"531","2015-01",-6.767631,54.500129,"MARK STREET","Anti-social behaviour","BT234DT"
"532","2015-01",-5.893291,54.556832,"WINDRUSH PARK","Anti-social behaviour","BT86LZ"
"533","2015-01",-5.929328,54.598579,"CASTLE LANE","Anti-social behaviour","BT235EB"
"534","2015-01",-6.352147,54.180112,"HOSPITAL ROAD","Anti-social behaviour","BT358PW"
"535","2015-01",-5.542194,54.644655,"EAST STREET","Anti-social behaviour","BT237DD"
"536","2015-01",-5.969937,54.621846,"WHEATFIELD DRIVE","Anti-social behaviour","BT147JW"
"537","2015-01",-6.359395,54.183132,"PARKHEAD CRESCENT","Anti-social behaviour","BT358PE"
"538","2015-01",-6.005964,54.748726,"FERNLEA GARDENS","Anti-social behaviour","BT399EJ"
"539","2015-01",-5.935468,54.590085,"ST. GEORGES GARDENS","Anti-social behaviour",""
"540","2015-01",-5.960208,54.629059,"JOANMOUNT PARK","Anti-social behaviour","BT146PG"
"541","2015-01",-5.877882,54.604956,"STRANDBURN PARADE","Anti-social behaviour","BT41LZ"
"542","2015-01",-5.765074,54.450703,"ALDER LANE","Anti-social behaviour","BT247BF"
"543","2015-01",-6.273489,54.426058,"MILLTOWN ROAD","Anti-social behaviour","BT667NF"
"544","2015-01",-6.069677,54.516972,"DRUMARD DRIVE","Anti-social behaviour","BT282HY"
"545","2015-01",-6.467694,54.87578,"GARVAGHY CRESCENT","Anti-social behaviour","BT448QW"
"546","2015-01",-5.97396,54.665805,"HOLLYBROOK GRANGE","Anti-social behaviour","BT364ZP"
"547","2015-01",-6.019119,54.560234,"CORRINA PARK","Anti-social behaviour","BT170HA"
"548","2015-01",-6.235924,54.428156,"LISNASURE ROAD","Anti-social behaviour","BT667NN"
"549","2015-01",-5.943524,54.588955,"COLCHESTER PARK","Anti-social behaviour","BT125PZ"
"550","2015-01",-5.885035,54.577138,"MEROK CRESCENT","Anti-social behaviour","BT69LZ"
"551","2015-01",-5.707588,54.316277,"BALLYMOTE PARK","Anti-social behaviour","BT306RW"
"552","2015-01",-6.447791,54.424067,"PARK ROAD","Anti-social behaviour","BT621BH"
"553","2015-01",-6.667146,55.133386,"BROOK STREET","Anti-social behaviour","BT521PP"
"554","2015-01",-6.050356,54.508881,"MANOR DRIVE","Anti-social behaviour","BT281QX"
"555","2015-01",-6.003937,54.751092,"CHISHOLM MEWS","Anti-social behaviour","BT399FN"
"556","2015-01",-5.943389,54.583966,"LISBURN ROAD","Anti-social behaviour","BT97GY"
"557","2015-01",-5.948095,54.66908,"COLLINWARD GROVE","Anti-social behaviour","BT366DQ"
"558","2015-01",-5.909288,54.220608,"ARDALUIN COURT","Anti-social behaviour","BT330RT"
"559","2015-01",-6.025333,54.540416,"KILLEATON GARDENS","Anti-social behaviour","BT179HF"
"560","2015-01",-5.927784,54.603997,"ACADEMY STREET","Anti-social behaviour","BT12LS"
"561","2015-01",-6.141623,54.195494,"MAIN STREET","Anti-social behaviour","BT936HW"
"562","2015-01",-7.089307,55.036801,"CLOONEY ROAD","Anti-social behaviour","BT473DZ"
"563","2015-01",-5.700957,54.650434,"INISHARGIE GARDENS","Anti-social behaviour","BT191SN"
"564","2015-01",-5.687886,54.648127,"ROSTREVOR DRIVE","Anti-social behaviour","BT191AG"
"565","2015-01",-6.735485,54.644725,"WOODLAND DRIVE","Anti-social behaviour","BT379SF"
"566","2015-01",-6.050008,54.554411,"MOUNT EAGLES AVENUE","Anti-social behaviour","BT170GT"
"567","2015-01",-6.275819,54.868688,"THOMAS STREET","Anti-social behaviour","BT701HN"
"568","2015-01",-6.005284,54.75876,"ERSKINE PARK","Anti-social behaviour","BT399BY"
"569","2015-01",-5.928779,54.6106,"HARDINGE PLACE","Anti-social behaviour","BT152HX"
"570","2015-01",-5.802918,54.59298,"CHURCH ROAD","Anti-social behaviour","BT189BU"
"571","2015-01",-7.330341,54.617056,"BELTANY ROAD","Anti-social behaviour","BT785NA"
"572","2015-01",-6.700947,54.244846,"CARBRY HEIGHTS","Anti-social behaviour","BT603AW"
"573","2015-01",-6.158616,54.192412,"NEWRY ROAD","Anti-social behaviour","BT323NB"
"574","2015-01",-7.319723,54.993609,"HORACE STREET","Anti-social behaviour","BT486JS"
"575","2015-01",-5.958754,54.612637,"BROOKFIELD PLACE","Anti-social behaviour","BT147FN"
"576","2015-01",-5.993493,54.588707,"MONAGH ROAD","Anti-social behaviour","BT118EF"
"577","2015-01",-6.270978,54.347702,"THE CUT","Anti-social behaviour","BT324EW"
"578","2015-01",-6.415051,54.424845,"KILLYCOMAIN DRIVE","Anti-social behaviour","BT635JR"
"579","2015-01",-6.596197,54.753718,"SANDY BRAES","Anti-social behaviour","BT456PN"
"580","2015-01",-6.337123,54.468388,"DERRY STREET","Anti-social behaviour","BT679DE"
"581","2015-01",-6.358575,54.183336,"PARKHEAD CRESCENT","Anti-social behaviour","BT358PE"
"582","2015-01",-5.891737,54.598019,"CONNSWATER STREET","Anti-social behaviour","BT41HT"
"583","2015-01",-6.411058,54.354794,"AUSTIN DRIVE","Anti-social behaviour","BT622AS"
"584","2015-01",-7.301559,54.986032,"CLONDERMOTT PARK","Anti-social behaviour","BT472LF"
"585","2015-01",-6.013959,54.744051,"HUNTINGDALE COURT","Anti-social behaviour","BT399FD"
"586","2015-01",-6.071181,54.516196,"DRUMARD DRIVE","Anti-social behaviour","BT282HY"
"587","2015-01",-5.942405,54.598874,"MILFORD STREET","Anti-social behaviour","BT124SD"
"588","2015-01",-5.947632,54.677033,"ARCHVALE DRIVE","Anti-social behaviour","BT366LW"
"589","2015-01",-5.638213,54.648058,"CLOVERHILL PARK","Anti-social behaviour","BT513RF"
"590","2015-01",-5.895986,54.588542,"CASTLEREAGH ROAD","Anti-social behaviour","BT55FZ"
"591","2015-01",-6.399679,54.195084,"CHURCH ROAD","Anti-social behaviour","BT189BU"
"592","2015-01",-6.185606,54.713625,"BLEERICK DRIVE","Anti-social behaviour","BT411HU"
"593","2015-01",-6.780064,54.506122,"SPRINGDALE","Anti-social behaviour","BT701EJ"
"594","2015-01",-7.294025,54.586728,"OAK RISE","Anti-social behaviour","BT781TN"
"595","2015-01",-5.866017,54.578789,"CASTLEVIEW COURT","Anti-social behaviour","BT797RD"
"596","2015-01",-6.617981,54.7567,"RAINEY COURT","Anti-social behaviour","BT455BX"
"597","2015-01",-6.434238,54.488939,"DERRYCOR LANE","Anti-social behaviour",""
"598","2015-01",-5.641398,54.661553,"ASHLEY DRIVE","Anti-social behaviour","BT97BE"
"599","2015-01",-5.665981,54.661284,"BINGHAM STREET EAST","Anti-social behaviour","BT205DP"
"600","2015-01",-6.774888,54.505225,"DONAGHMORE ROAD","Anti-social behaviour","BT701HB"
"601","2015-01",-5.781839,54.596171,"CARROWREAGH ROAD","Anti-social behaviour","BT161QT"
"602","2015-01",-6.142014,54.193271,"ARDMORE PARK","Anti-social behaviour","BT100JL"
"603","2015-01",-5.84333,54.856322,"LINDARA PARK","Anti-social behaviour","BT402GD"
"604","2015-01",-6.273283,54.871527,"DEVENAGH WAY","Anti-social behaviour","BT436EW"
"605","2015-01",-5.952694,54.569937,"OSBORNE GARDENS","Anti-social behaviour","BT324BD"
"606","2015-01",-5.923358,54.600947,"QUEENS SQUARE","Anti-social behaviour","BT13FF"
"607","2015-01",-6.301029,54.43564,"PRIMARY WALK","Anti-social behaviour","BT667RB"
"608","2015-01",-5.666227,54.596162,"HERON RIDGE","Anti-social behaviour","BT238WL"
"609","2015-01",-5.942415,54.686675,"RAVELSTON AVENUE","Anti-social behaviour","BT366PF"
"610","2015-01",-5.693269,54.648005,"CLANDEBOYE DRIVE","Anti-social behaviour","BT54PF"
"611","2015-01",-5.94012,54.622052,"MARSDEN GARDENS","Anti-social behaviour","BT155AL"
"612","2015-01",-5.905309,54.563645,"GLENCREGAGH ROAD","Anti-social behaviour","BT86FZ"
"613","2015-01",-6.020483,54.061557,"THE BRAMBLES","Anti-social behaviour","BT282XY"
"614","2015-01",-6.335962,54.177293,"UPPER WATER STREET","Anti-social behaviour","BT341DJ"
"615","2015-01",-7.323343,55.030072,"BROOKDALE PARK","Anti-social behaviour","BT488HQ"
"616","2015-01",-6.520227,55.058394,"CAMBOURNE CRESCENT","Anti-social behaviour","BT234WA"
"617","2015-01",-5.702351,54.595523,"WEST STREET","Anti-social behaviour","BT389HR"
"618","2015-01",-7.336893,54.981326,"HAZELWOOD AVENUE","Anti-social behaviour","BT170SY"
"619","2015-01",-6.748208,54.650616,"MILLBURN PARK","Anti-social behaviour","BT808HQ"
"620","2015-01",-5.969898,54.691919,"BALLYCLARE ROAD","Anti-social behaviour","BT365EA"
"621","2015-01",-6.4418,54.423594,"MEADOW LANE","Anti-social behaviour","BT745NU"
"622","2015-01",-5.626715,54.333574,"BALLYTRUSTAN ROAD","Anti-social behaviour","BT307AQ"
"623","2015-01",-7.330553,55.004664,"ACADEMY ROAD","Anti-social behaviour","BT487LA"
"624","2015-01",-5.81019,54.714537,"WEST STREET","Anti-social behaviour","BT389HR"
"625","2015-01",-6.273196,54.350555,"VICTORIA GARDENS","Anti-social behaviour","BT679AZ"
"626","2015-01",-6.62231,55.156854,"DRUMADRAGH","Anti-social behaviour","BT522PA"
"627","2015-01",-5.953232,54.634746,"MOUNT COOLE PARK","Anti-social behaviour","BT148JR"
"628","2015-01",-6.791005,54.654572,"ORRITOR ROAD","Anti-social behaviour","BT808BN"
"629","2015-01",-7.320302,55.023058,"CARNHILL","Anti-social behaviour","BT488BA"
"630","2015-01",-6.669715,54.348652,"ARD RI PARK","Anti-social behaviour","BT604JS"
"631","2015-01",-5.885402,54.598421,"CHEVIOT AVENUE","Anti-social behaviour","BT43AG"
"632","2015-01",-6.247794,55.202263,"ANN STREET","Anti-social behaviour","BT546AA"
"633","2015-01",-6.656545,54.350222,"EDWARD STREET","Anti-social behaviour","BT666DD"
"634","2015-01",-5.600319,54.31817,"CREW ROAD","Anti-social behaviour","BT307HB"
"635","2015-01",-5.944123,54.614222,"ROSELEIGH STREET","Anti-social behaviour","BT146GQ"
"636","2015-01",-6.774922,54.346612,"MAIN STREET","Anti-social behaviour","BT936HW"
"637","2015-01",-7.317373,55.010537,"STRAND ROAD","Anti-social behaviour","BT487AD"
"638","2015-01",-5.938036,54.625593,"SALISBURY AVENUE","Anti-social behaviour","BT155DY"
"639","2015-01",-7.308576,54.996744,"BONDS STREET","Anti-social behaviour","BT476EF"
"640","2015-01",-6.277867,54.860838,"PATRICK PLACE","Anti-social behaviour","BT422BA"
"641","2015-01",-5.930334,54.599189,"CASTLE STREET","Anti-social behaviour","BT307QQ"
"642","2015-01",-5.672675,54.659957,"DUFFERIN AVENUE","Anti-social behaviour","BT203AD"
"643","2015-01",-6.016152,54.564022,"MARGARETTA PARK","Anti-social behaviour","BT170JQ"
"644","2015-01",-5.933066,54.591086,"DUBLIN ROAD","Anti-social behaviour","BT358QP"
"645","2015-01",-5.893519,54.206882,"BRYANSFORD ROAD","Anti-social behaviour","BT330HJ"
"646","2015-01",-6.331305,54.455954,"COLBAN CRESCENT","Anti-social behaviour","BT668HY"
"647","2015-01",-6.009874,54.748476,"GRANGE VALLEY CRESCENT","Anti-social behaviour","BT399AY"
"648","2015-01",-7.632441,54.356289,"HILLVIEW WALK","Anti-social behaviour","BT746HA"
"649","2015-01",-6.065388,54.525044,"BRAMBLING CLOSE","Anti-social behaviour","BT283PN"
"650","2015-01",-6.330043,54.466888,"OAKLEIGH HEIGHTS","Anti-social behaviour","BT679BY"
"651","2015-01",-5.974605,54.617953,"ABBEYDALE DRIVE","Anti-social behaviour","BT238RU"
"652","2015-01",-6.443864,54.417529,"THOMAS STREET","Anti-social behaviour","BT701HN"
"653","2015-01",-6.320833,54.482367,"TARRY LANE","Anti-social behaviour","BT679LQ"
"654","2015-01",-5.795353,54.594379,"DAVARR AVENUE","Anti-social behaviour","BT162NT"
"655","2015-01",-5.894311,54.582322,"LADAS WAY","Anti-social behaviour","BT69ND"
"656","2015-01",-6.042678,54.510895,"MARKET SQUARE","Anti-social behaviour","BT414DN"
"657","2015-01",-5.928554,54.600102,"WINECELLAR ENTRY","Anti-social behaviour","BT11QN"
"658","2015-01",-6.209654,54.893084,"SHANE COURT","Anti-social behaviour","BT424JR"
"659","2015-01",-6.042847,54.507043,"CROMMELIN PLACE","Anti-social behaviour","BT281YL"
"660","2015-01",-7.322812,54.999402,"GREAT JAMES STREET","Anti-social behaviour","BT487BZ"
"661","2015-01",-5.980209,54.580166,"FALLS ROAD","Anti-social behaviour","BT119AB"
"662","2015-01",-6.178737,54.710045,"WILLOWDALE","Anti-social behaviour","BT537LX"
"663","2015-01",-5.968582,54.600879,"WATERMOUTH CRESCENT","Anti-social behaviour","BT127FH"
"664","2015-01",-6.399679,54.195084,"CHURCH ROAD","Anti-social behaviour","BT189BU"
"665","2015-01",-5.980273,54.577301,"KENNEDY WAY","Anti-social behaviour","BT119AP"
"666","2015-01",-6.073626,54.523288,"EDENVALE GARDENS","Anti-social behaviour","BT282UT"
"667","2015-01",-6.275819,54.868688,"THOMAS STREET","Anti-social behaviour","BT701HN"
"668","2015-01",-6.704167,54.493545,"CAVAN ROAD","Anti-social behaviour","BT716QW"
"669","2015-01",-5.889551,54.21224,"MAIN STREET","Anti-social behaviour","BT936HW"
"670","2015-01",-7.468321,54.823291,"BALLYCOLMAN AVENUE","Anti-social behaviour","BT829AF"
"671","2015-01",-6.063984,54.517501,"THORNLEIGH DRIVE","Anti-social behaviour","BT282DA"
"672","2015-01",-5.958754,54.612637,"BROOKFIELD PLACE","Anti-social behaviour","BT147FN"
"673","2015-01",-6.264111,54.351547,"BURNVIEW TERRACE","Anti-social behaviour","BT324DJ"
"674","2015-01",-5.814448,54.712692,"BELFAST ROAD","Anti-social behaviour","BT248EB"
"675","2015-01",-5.872615,54.608602,"INVERWOOD GARDENS","Anti-social behaviour","BT41RG"
"676","2015-01",-7.321907,54.999307,"STRAND ROAD","Anti-social behaviour","BT487AD"
"677","2015-01",-5.946853,54.632544,"SHANDARRAGH PARK","Anti-social behaviour","BT155FJ"
"678","2015-01",-6.153683,54.413027,"BISHOPSHILL","Anti-social behaviour","BT251FL"
"679","2015-01",-6.244744,54.110245,"DALLAN HILL","Anti-social behaviour","BT343SH"
"680","2015-01",-6.270823,54.86603,"GLENRAVEL PARK","Anti-social behaviour","BT437AG"
"681","2015-01",-6.037326,54.507232,"BALLYNAHINCH ROAD","Anti-social behaviour","BT88DN"
"682","2015-01",-6.63886,54.786241,"GRANGE LANE","Anti-social behaviour","BT455EU"
"683","2015-01",-5.927226,54.577509,"ANNADALE EMBANKMENT","Anti-social behaviour","BT999AA"
"684","2015-01",-5.955965,54.613623,"PROSPECT PARK","Anti-social behaviour","BT388QA"
"685","2015-01",-5.922319,54.584882,"RUTLAND STREET","Anti-social behaviour","BT72FJ"
"686","2015-01",-5.890692,54.597875,"EAST BREAD STREET","Anti-social behaviour","BT55AP"
"687","2015-01",-7.484366,54.817997,"SUMMERHILL COURT","Anti-social behaviour","BT829FJ"
"688","2015-01",-6.763833,54.501186,"GORTMERRON AVENUE","Anti-social behaviour","BT717AJ"
"689","2015-01",-5.93765,54.586411,"ABERCORN STREET","Anti-social behaviour","BT96UD"
"690","2015-01",-5.890032,54.548095,"LAURELGROVE AVENUE","Anti-social behaviour","BT86ZQ"
"691","2015-01",-5.469241,54.49508,"OAK AVENUE","Anti-social behaviour","BT221TD"
"692","2015-01",-5.671397,54.662511,"SOUTHWELL ROAD","Anti-social behaviour","BT203AE"
"693","2015-01",-5.90499,54.599705,"SUSAN STREET","Anti-social behaviour","BT54FE"
"694","2015-01",-6.448355,54.418539,"TAVANAGH GARDENS","Anti-social behaviour","BT623EZ"
"695","2015-01",-5.933066,54.591086,"DUBLIN ROAD","Anti-social behaviour","BT358QP"
"696","2015-01",-5.934027,54.599306,"MARQUIS STREET","Anti-social behaviour","BT234DX"
"697","2015-01",-6.348367,54.459997,"OAKRIDGE","Anti-social behaviour","BT324RT"
"698","2015-01",-5.887872,54.597934,"WESTMINISTER AVENUE","Anti-social behaviour",""
"699","2015-01",-6.70201,54.541613,"ARDNASKEA PARK","Anti-social behaviour","BT714SF"
"700","2015-01",-5.926442,54.584423,"RUGBY AVENUE","Anti-social behaviour","BT203PZ"
"701","2015-01",-6.014801,54.563506,"MARGARETTA PARK","Anti-social behaviour","BT170JQ"
"702","2015-01",-6.269415,54.855274,"BROOKE PARK","Anti-social behaviour","BT423BL"
"703","2015-01",-7.455138,54.821328,"MARIAN PARK","Anti-social behaviour","BT308DJ"
"704","2015-01",-6.60926,54.751003,"GREENVALE PARK","Anti-social behaviour","BT456DP"
"705","2015-01",-7.152608,54.910617,"IRWIN CRESCENT","Anti-social behaviour","BT43AQ"
"706","2015-01",-5.847551,54.580798,"FARMHURST GREEN","Anti-social behaviour","BT57PB"
"707","2015-01",-6.741749,54.646057,"MOLESWORTH ROAD","Anti-social behaviour","BT808NR"
"708","2015-01",-6.517932,54.81058,"SPRINGFIELD PARK","Anti-social behaviour","BT133PZ"
"709","2015-01",-6.278199,54.869126,"DUKE STREET","Anti-social behaviour","BT343JY"
"710","2015-01",-5.671813,54.659042,"RAILWAYVIEW STREET","Anti-social behaviour","BT203BY"
"711","2015-01",-7.330341,54.617056,"BELTANY ROAD","Anti-social behaviour","BT785NA"
"712","2015-01",-5.931361,54.577418,"RIDGEWAY STREET","Anti-social behaviour","BT95FB"
"713","2015-01",-6.339119,54.175351,"THE MALL","Anti-social behaviour","BT341BX"
"714","2015-01",-7.325601,55.001753,"ASYLUM ROAD","Anti-social behaviour","BT487DL"
"715","2015-01",-5.865506,54.574971,"GLENVIEW AVENUE","Anti-social behaviour","BT57LZ"
"716","2015-01",-6.936923,55.044233,"DRUMACHOSE PARK","Anti-social behaviour","BT490NZ"
"717","2015-01",-6.629669,54.335679,"EDENVALE","Anti-social behaviour","BT601JF"
"718","2015-01",-7.378949,54.717334,"DUBLIN STREET","Anti-social behaviour","BT784AQ"
"719","2015-01",-5.936409,54.610632,"KINNAIRD STREET","Anti-social behaviour","BT146BE"
"720","2015-01",-6.260798,54.871663,"FISHERWICK CRESCENT","Anti-social behaviour","BT437EB"
"721","2015-01",-5.718268,54.744047,"QUAY LANE","Anti-social behaviour","BT307QH"
"722","2015-01",-6.51892,54.80822,"MAIN STREET","Anti-social behaviour","BT936HW"
"723","2015-01",-6.635239,54.344817,"ORANGEFIELD CRESCENT","Anti-social behaviour","BT69GJ"
"724","2015-01",-5.923514,54.240524,"DRUMEE ROAD","Anti-social behaviour","BT319HQ"
"725","2015-01",-5.81549,54.85276,"AGNEW STREET","Anti-social behaviour","BT401RF"
"726","2015-01",-7.266328,55.033407,"DERAMORE DRIVE","Anti-social behaviour","BT623HJ"
"727","2015-01",-5.912343,54.678838,"KINGS ROAD","Anti-social behaviour","BT57GL"
"728","2015-01",-7.34522,55.029141,"UPPER GALLIAGH ROAD","Anti-social behaviour","BT488LW"
"729","2015-01",-6.253327,54.860353,"ORKNEY DRIVE","Anti-social behaviour","BT424EG"
"730","2015-01",-5.957575,54.617029,"JAMAICA STREET","Anti-social behaviour","BT147QF"
"731","2015-01",-6.939489,54.596088,"SHANROY PARK","Anti-social behaviour","BT702RP"
"732","2015-01",-5.956349,54.597322,"WATERFORD GARDENS","Anti-social behaviour","BT132QL"
"733","2015-01",-6.653187,55.072524,"BALLYLINTAGH ROAD","Anti-social behaviour","BT513SP"
"734","2015-01",-5.792105,54.440974,"MILLTOWN LANE","Anti-social behaviour","BT621TB"
"735","2015-01",-7.45461,54.823589,"EVISH GROVE","Anti-social behaviour","BT828HR"
"736","2015-01",-6.339119,54.175351,"THE MALL","Anti-social behaviour","BT341BX"
"737","2015-01",-6.687057,54.978578,"HOUSTON CRESCENT","Anti-social behaviour","BT515NN"
"738","2015-01",-6.278223,54.865264,"MILL STREET","Anti-social behaviour","BT941GR"
"739","2015-01",-7.313373,54.377039,"SPOUT ROAD","Anti-social behaviour","BT750PD"
"740","2015-01",-6.671477,54.843945,"MAIN STREET","Anti-social behaviour","BT936HW"
"741","2015-01",-5.921916,54.588541,"COOKE COURT","Anti-social behaviour","BT72ER"
"742","2015-01",-6.946879,55.04635,"BENEVENAGH DRIVE","Anti-social behaviour","BT490AQ"
"743","2015-01",-6.053608,54.496022,"SPRINGBURN PARK","Anti-social behaviour","BT275QZ"
"744","2015-01",-6.449266,54.433151,"CHURCHILL PARK","Anti-social behaviour","BT621EX"
"745","2015-01",-7.641273,54.350602,"DERRIN ROAD","Anti-social behaviour","BT746BA"
"746","2015-01",-6.616888,54.755951,"MULLAGHBOY CRESCENT","Anti-social behaviour","BT455AS"
"747","2015-01",-5.933895,54.587857,"LOWER CRESCENT","Anti-social behaviour","BT235BU"
"748","2015-01",-5.932635,54.591645,"VENTRY STREET","Anti-social behaviour","BT27JP"
"749","2015-01",-5.927828,54.598562,"ARTHUR SQUARE","Anti-social behaviour","BT14FF"
"750","2015-01",-5.930334,54.599189,"CASTLE STREET","Anti-social behaviour","BT307QQ"
"751","2015-01",-5.949568,54.591529,"WAUCHOPE COURT","Anti-social behaviour","BT126GG"
"752","2015-01",-5.903241,54.596988,"TOWER STREET","Anti-social behaviour","BT54FH"
"753","2015-01",-7.32083,54.997442,"MAGAZINE STREET","Anti-social behaviour","BT486HH"
"754","2015-01",-5.925203,54.602102,"VICTORIA STREET","Anti-social behaviour","BT679DG"
"755","2015-01",-6.251839,54.858759,"STAFFA DRIVE","Anti-social behaviour","BT424EH"
"756","2015-01",-5.886052,54.589762,"DUNRAVEN GARDENS","Anti-social behaviour","BT55LG"
"757","2015-01",-6.221368,54.715206,"MARKET SQUARE","Anti-social behaviour","BT414DN"
"758","2015-01",-5.648462,54.482275,"WHITEROCK BAY","Anti-social behaviour","BT236QA"
"759","2015-01",-5.910685,54.58611,"RAVENHILL COURT","Anti-social behaviour","BT68FS"
"760","2015-01",-5.992775,54.563367,"ASHTON AVENUE","Anti-social behaviour","BT100JR"
"761","2015-01",-7.30036,55.018983,"GLENEAGLES","Anti-social behaviour","BT449PQ"
"762","2015-01",-5.922608,54.585579,"HATFIELD STREET","Anti-social behaviour","BT72FD"
"763","2015-01",-5.772852,54.728637,"HIGGINS COURT","Anti-social behaviour","BT387PS"
"764","2015-01",-7.445594,54.248965,"TRASNA WAY","Anti-social behaviour","BT920LU"
"765","2015-01",-7.47647,54.787475,"DAISY PARK","Anti-social behaviour","BT829QD"
"766","2015-01",-6.748077,54.648323,"ORITOR STREET","Anti-social behaviour",""
"767","2015-01",-5.88054,54.58865,"ORANGEFIELD PARK","Anti-social behaviour","BT790DE"
"768","2015-01",-5.668506,54.659688,"MARKET STREET","Anti-social behaviour","BT622BP"
"769","2015-01",-5.938347,54.61425,"CLIFTONVILLE ROAD","Anti-social behaviour","BT146JN"
"770","2015-01",-7.319635,54.589785,"ASHBOURNE COURT","Anti-social behaviour","BT781NS"
"771","2015-01",-6.021374,54.54975,"THORNHILL CRESCENT","Anti-social behaviour","BT170RH"
"772","2015-01",-5.931238,54.597228,"DONEGALL SQUARE NORTH","Anti-social behaviour","BT15GB"
"773","2015-01",-5.956553,54.60313,"LAWNBROOK AVENUE","Anti-social behaviour","BT132QB"
"774","2015-01",-5.671433,54.6581,"ABBEY STREET","Anti-social behaviour","BT204JB"
"775","2015-01",-5.925203,54.602102,"VICTORIA STREET","Anti-social behaviour","BT679DG"
"776","2015-01",-7.630043,54.345824,"FORTHILL STREET","Anti-social behaviour","BT746AJ"
"777","2015-01",-5.822991,54.851116,"COOPERS LANE","Anti-social behaviour",""
"778","2015-01",-5.955906,54.623757,"DUNOWEN GARDENS","Anti-social behaviour","BT146NQ"
"779","2015-01",-6.278889,54.864986,"GEORGE STREET","Anti-social behaviour","BT666BL"
"780","2015-01",-5.913018,54.662047,"ARMOY GARDENS","Anti-social behaviour","BT379AU"
"781","2015-01",-5.528995,54.608362,"MOSS ROAD","Anti-social behaviour","BT222DS"
"782","2015-01",-5.560084,54.535318,"NEWTOWNARDS ROAD","Anti-social behaviour","BT41AF"
"783","2015-01",-5.946069,54.580517,"ASHLEIGH MANOR","Anti-social behaviour","BT96JY"
"784","2015-01",-5.940605,54.600811,"FINGALS COURT","Anti-social behaviour","BT132DP"
"785","2015-01",-5.948621,54.678927,"GLEBE ROAD","Anti-social behaviour","BT413DT"
"786","2015-01",-5.936558,54.604641,"STANHOPE DRIVE","Anti-social behaviour","BT131BL"
"787","2015-01",-6.277823,54.854567,"TOOME ROAD","Anti-social behaviour","BT422BT"
"788","2015-01",-6.422472,54.497527,"ARDMORE ROAD","Anti-social behaviour","BT666QP"
"789","2015-01",-5.879054,54.573187,"DELAMONT PARK","Anti-social behaviour","BT69RJ"
"790","2015-01",-6.353908,54.185132,"SECOND AVENUE","Anti-social behaviour","BT356HA"
"791","2015-01",-6.339119,54.175351,"THE MALL","Anti-social behaviour","BT341BX"
"792","2015-01",-5.441297,54.46002,"HARBOUR ROAD","Anti-social behaviour","BT221EA"
"793","2015-01",-5.930316,54.586421,"WOLSELEY STREET","Anti-social behaviour","BT71LG"
"794","2015-01",-6.744188,54.64884,"COAGH CRESCENT","Anti-social behaviour","BT808NH"
"795","2015-01",-7.339389,54.99767,"MALIN GARDENS","Anti-social behaviour","BT489NH"
"796","2015-01",-5.680335,54.626993,"TOWER PARK","Anti-social behaviour","BT237PL"
"797","2015-01",-5.696529,54.59668,"MARQUIS STREET","Anti-social behaviour","BT234DX"
"798","2015-01",-5.716197,54.320672,"VIANSTOWN ROAD","Anti-social behaviour","BT308AB"
"799","2015-01",-6.703511,54.248189,"HIGH STREET","Anti-social behaviour","BT248AB"
"800","2015-01",-5.927733,54.597383,"CHICHESTER STREET","Anti-social behaviour","BT14JQ"
"801","2015-01",-7.462947,54.823779,"MELVIN ROAD","Anti-social behaviour","BT829PP"
"802","2015-01",-6.203922,54.718084,"KILGREEL ROAD","Anti-social behaviour","BT411EG"
"803","2015-01",-6.929531,55.042174,"ANDERSON CRESCENT","Anti-social behaviour","BT472BY"
"804","2015-01",-7.327904,54.99581,"LISFANNON PARK","Anti-social behaviour","BT489DX"
"805","2015-01",-7.612111,54.352658,"COLLEGE PARK LANE","Anti-social behaviour","BT746GF"
"806","2015-01",-7.465187,54.823816,"BRIDGE STREET","Anti-social behaviour","BT281XZ"
"807","2015-01",-5.96077,54.669195,"FARMLEY CRESCENT","Anti-social behaviour","BT367TX"
"808","2015-01",-5.938434,54.548535,"KIRKISTOWN AVENUE","Anti-social behaviour","BT87FG"
"809","2015-01",-5.636618,54.645646,"BEAUMONT DRIVE","Anti-social behaviour","BT196WH"
"810","2015-01",-5.829682,54.455376,"LISTOODER GARDENS","Anti-social behaviour","BT247HX"
"811","2015-01",-6.73627,54.619911,"TULLYWIGGAN ROAD","Anti-social behaviour","BT808SD"
"812","2015-01",-5.965054,54.628161,"FORMBY PARK","Anti-social behaviour","BT146PS"
"813","2015-01",-5.928554,54.600102,"WINECELLAR ENTRY","Anti-social behaviour","BT11QN"
"814","2015-01",-5.909497,54.598121,"MOUNTPOTTINGER ROAD","Anti-social behaviour","BT54LP"
"815","2015-01",-5.547633,54.380822,"FERRY STREET","Anti-social behaviour","BT221PB"
"816","2015-01",-5.96753,54.684359,"GLENCROFT GARDENS","Anti-social behaviour","BT365GE"
"817","2015-01",-5.947105,54.665047,"HORIZON MEWS","Anti-social behaviour","BT366FJ"
"818","2015-01",-6.521574,55.206393,"WOODVALE PARK","Anti-social behaviour","BT716DB"
"819","2015-01",-5.842254,54.856069,"LINDARA DRIVE","Anti-social behaviour","BT402FB"
"820","2015-01",-5.893548,54.590512,"GROVE STREET EAST","Anti-social behaviour","BT55GG"
"821","2015-01",-5.934882,54.589437,"DONEGALL ROAD","Anti-social behaviour","BT126HN"
"822","2015-01",-5.980273,54.577301,"KENNEDY WAY","Anti-social behaviour","BT119AP"
"823","2015-01",-5.819791,54.640889,"WOODLANDS","Anti-social behaviour","BT180PE"
"824","2015-01",-5.821929,54.853487,"THE RODDENS","Anti-social behaviour","BT401QH"
"825","2015-01",-5.670535,54.65944,"DUFFERIN AVENUE","Anti-social behaviour","BT203AD"
"826","2015-01",-6.815213,54.532893,"LISMORE DRIVE","Anti-social behaviour","BT703EL"
"827","2015-01",-7.301561,54.994018,"MONTGOMERY CLOSE","Anti-social behaviour","BT475NW"
"828","2015-01",-6.357243,54.445905,"ARDOWEN","Anti-social behaviour","BT655EE"
"829","2015-01",-5.933461,54.593357,"HOPE STREET","Anti-social behaviour","BT435EE"
"830","2015-01",-5.964375,54.628725,"WALLASEY PARK","Anti-social behaviour","BT146PN"
"831","2015-01",-5.958754,54.612637,"BROOKFIELD PLACE","Anti-social behaviour","BT147FN"
"832","2015-01",-7.369863,54.402259,"HEADHILL ROAD","Anti-social behaviour",""
"833","2015-01",-6.337595,54.176291,"HILL STREET","Anti-social behaviour","BT12LB"
"834","2015-01",-6.653578,55.208021,"BATH TERRACE","Anti-social behaviour","BT568AN"
"835","2015-01",-7.263341,55.033407,"TEMPLE ROAD","Anti-social behaviour","BT282PD"
"836","2015-01",-6.271533,54.42019,"MILLTOWN ROAD","Anti-social behaviour","BT667NF"
"837","2015-01",-5.796114,54.598049,"DUNLEADY PARK","Anti-social behaviour","BT161JU"
"838","2015-01",-6.40621,54.43348,"LISNISKY LANE","Anti-social behaviour","BT635RB"
"839","2015-01",-6.415809,54.433552,"RAMONE PARK","Anti-social behaviour","BT635JF"
"840","2015-01",-5.928779,54.6106,"HARDINGE PLACE","Anti-social behaviour","BT152HX"
"841","2015-01",-6.339119,54.175351,"THE MALL","Anti-social behaviour","BT341BX"
"842","2015-01",-7.16018,54.913877,"GLEBE CRESCENT","Anti-social behaviour","BT703PR"
"843","2015-01",-6.486668,54.184529,"MAIN STREET","Anti-social behaviour","BT936HW"
"844","2015-01",-5.933066,54.591086,"DUBLIN ROAD","Anti-social behaviour","BT358QP"
"845","2015-01",-6.941795,55.040395,"GLENVIEW DRIVE","Anti-social behaviour","BT490RZ"
"846","2015-01",-5.893556,54.514516,"LOUGH ERNE PARK","Anti-social behaviour","BT88PG"
"847","2015-01",-6.943699,55.03937,"WOODLAND WALK","Anti-social behaviour","BT499DQ"
"848","2015-01",-6.256323,54.106532,"GANNA WAY","Anti-social behaviour","BT343LT"
"849","2015-01",-7.016933,55.044565,"MAIN STREET","Anti-social behaviour","BT936HW"
"850","2015-01",-6.739946,54.647727,"LIMEKILN LANE","Anti-social behaviour","BT808TS"
"851","2015-01",-5.927653,54.600778,"WARING STREET","Anti-social behaviour","BT424BU"
"852","2015-01",-5.893638,54.222905,"BURRENVIEW WAY","Anti-social behaviour","BT330JQ"
"853","2015-01",-6.745606,54.649583,"OLDTOWN STREET","Anti-social behaviour","BT808EF"
"854","2015-01",-5.641896,54.648947,"KINGSMERE AVENUE","Anti-social behaviour","BT146ND"
"855","2015-01",-7.473838,54.816578,"MELMOUNT GARDENS","Anti-social behaviour","BT829EB"
"856","2015-01",-6.005767,54.061377,"FINLIEVE PLACE","Anti-social behaviour","BT344BT"
"857","2015-01",-6.264584,54.878546,"DUNFANE AVENUE","Anti-social behaviour","BT437NE"
"858","2015-01",-6.230421,54.479666,"CASTLEVUE GARDENS","Anti-social behaviour","BT670JU"
"859","2015-01",-6.769659,55.147597,"WOODEND PARK","Anti-social behaviour","BT514UY"
"860","2015-01",-5.931597,54.607845,"VICTORIA PARADE","Anti-social behaviour","BT152EN"
"861","2015-01",-7.641375,54.425273,"ROSSFAD ROAD","Anti-social behaviour","BT942NR"
"862","2015-01",-7.612311,54.354258,"LOANE DRIVE","Anti-social behaviour","BT744EG"
"863","2015-01",-5.832346,54.533588,"KEEL WAY","Anti-social behaviour","BT236DF"
"864","2015-01",-5.964302,54.680692,"GLENVARNA WALK","Anti-social behaviour","BT365JE"
"865","2015-01",-6.339119,54.175351,"THE MALL","Anti-social behaviour","BT341BX"
"866","2015-01",-7.47157,54.822299,"DERG VILLAS","Anti-social behaviour","BT829BU"
"867","2015-01",-7.643201,54.348164,"QUEEN STREET","Anti-social behaviour","BT422BQ"
"868","2015-01",-6.144152,54.417373,"MOUNTVIEW DRIVE","Anti-social behaviour","BT274JJ"
"869","2015-01",-6.352703,54.997039,"FROSSES ROAD","Anti-social behaviour","BT449NF"
"870","2015-01",-6.278889,54.864986,"GEORGE STREET","Anti-social behaviour","BT666BL"
"871","2015-01",-5.796114,54.598049,"DUNLEADY PARK","Anti-social behaviour","BT161JU"
"872","2015-01",-7.159649,55.036507,"LONGFIELD ROAD","Anti-social behaviour","BT359TU"
"873","2015-01",-5.968034,54.559692,"FINDON GROVE","Anti-social behaviour","BT96QN"
"874","2015-01",-6.769659,55.147597,"WOODEND PARK","Anti-social behaviour","BT514UY"
"875","2015-01",-5.529113,54.607699,"ABBEY ROAD","Anti-social behaviour","BT222DG"
"876","2015-01",-5.672768,54.661864,"GRAY'S HILL","Anti-social behaviour","BT203BB"
"877","2015-01",-5.774041,54.728462,"HIGGINS COURT","Anti-social behaviour","BT387PS"
"878","2015-01",-6.769659,55.147597,"WOODEND PARK","Anti-social behaviour","BT514UY"
"879","2015-01",-6.69245,54.542939,"MEENAGH PARK","Anti-social behaviour","BT714NG"
"880","2015-01",-6.277105,54.858258,"QUEEN STREET","Anti-social behaviour","BT422BQ"
"881","2015-01",-6.277105,54.858258,"QUEEN STREET","Anti-social behaviour","BT422BQ"
"882","2015-01",-7.461568,54.825632,"BARRACK STREET","Anti-social behaviour","BT714LS"
"883","2015-01",-7.359531,55.032846,"BENVIEW ESTATE","Anti-social behaviour","BT480NQ"
"884","2015-01",-5.927533,54.599788,"HIGH STREET","Anti-social behaviour","BT248AB"
"885","2015-01",-7.356594,55.014156,"BARRS LANE","Anti-social behaviour",""
"886","2015-01",-6.745148,54.646838,"BURN ROAD","Anti-social behaviour","BT808DN"
"887","2015-01",-6.277867,54.860838,"PATRICK PLACE","Anti-social behaviour","BT422BA"
"888","2015-01",-6.277105,54.858258,"QUEEN STREET","Anti-social behaviour","BT422BQ"
"889","2015-01",-5.889516,54.215339,"RAILWAY STREET","Anti-social behaviour","BT617HP"
"890","2015-01",-5.656093,54.641352,"BALLOO WALK","Anti-social behaviour","BT197RH"
"891","2015-01",-5.66942,54.589304,"GREENLEA PARK","Anti-social behaviour","BT238WD"
"892","2015-01",-7.649359,54.345478,"WHALEY TERRACE","Anti-social behaviour","BT747JU"
"893","2015-01",-5.939056,54.586435,"MINDS WAY","Anti-social behaviour","BT96PU"
"894","2015-01",-5.961838,54.588115,"RODNEY PARADE","Anti-social behaviour","BT126EE"
"895","2015-01",-5.666901,54.662003,"BINGHAM LANE","Anti-social behaviour","BT205DR"
"896","2015-01",-6.18698,54.710663,"FIRMOUNT DRIVE","Anti-social behaviour","BT411JN"
"897","2015-01",-7.292116,54.85596,"LISNARAGH ROAD","Anti-social behaviour","BT820SB"
"898","2015-01",-6.394186,54.197653,"COLLEGE SQUARE NORTH","Anti-social behaviour","BT16AR"
"899","2015-01",-6.678204,55.13091,"SPENCER ROW","Anti-social behaviour","BT513DF"
"900","2015-01",-5.933895,54.587857,"LOWER CRESCENT","Anti-social behaviour","BT235BU"
"901","2015-01",-5.850478,54.364573,"SYCAMORE COURT","Anti-social behaviour","BT248QZ"
"902","2015-01",-5.927357,54.5862,"UNIVERSITY STREET","Anti-social behaviour","BT71HP"
"903","2015-01",-6.214981,54.562726,"SCROGGY ROAD","Anti-social behaviour","BT490NA"
"904","2015-01",-7.308576,54.996744,"BONDS STREET","Anti-social behaviour","BT476EF"
"905","2015-01",-6.944669,55.039971,"COOLESSAN WALK","Anti-social behaviour","BT499EN"
"906","2015-01",-7.3061,54.991709,"GOOD SHEPHERD GLEN","Anti-social behaviour","BT472GA"
"907","2015-01",-6.016592,54.556545,"FOREST PARK","Anti-social behaviour","BT358ST"
"908","2015-01",-7.175374,55.02403,"MADISON AVENUE","Anti-social behaviour","BT473PW"
"909","2015-01",-6.053501,54.518078,"BELLEVUE PARK","Anti-social behaviour","BT367QD"
"910","2015-01",-5.949511,54.596047,"GIBSON STREET","Anti-social behaviour","BT124LW"
"911","2015-01",-7.175678,55.029817,"ST. CANICES PARK","Anti-social behaviour","BT473DH"
"912","2015-01",-6.786247,54.505843,"BALLYSAGGART PARK","Anti-social behaviour","BT701UJ"
"913","2015-01",-5.998658,54.55279,"BEECHLAWN PARK","Anti-social behaviour","BT179NR"
"914","2015-01",-7.641273,54.350602,"DERRIN ROAD","Anti-social behaviour","BT746BA"
"915","2015-01",-5.976813,54.600604,"HIGH LINK","Anti-social behaviour","BT133ED"
"916","2015-01",-7.330139,55.029517,"GALLIAGH PARK","Anti-social behaviour","BT488DE"
"917","2015-01",-5.682499,54.589493,"STANFIELD DRIVE","Anti-social behaviour","BT238NG"
"918","2015-01",-5.909219,54.560064,"BREDA PARK","Anti-social behaviour","BT86JR"
"919","2015-01",-5.672662,54.657207,"ABBEY STREET","Anti-social behaviour","BT204JB"
"920","2015-01",-6.688581,54.534443,"CANAL PLACE","Anti-social behaviour","BT714RA"
"921","2015-01",-5.882654,54.526429,"MANSE DRIVE","Anti-social behaviour","BT365US"
"922","2015-01",-5.797563,54.502085,"MEADOW WAY","Anti-social behaviour","BT235TQ"
"923","2015-01",-5.931632,54.57328,"LOCKVIEW ROAD","Anti-social behaviour","BT95GN"
"924","2015-01",-5.903567,54.588252,"CARLINGFORD STREET","Anti-social behaviour","BT68NE"
"925","2015-01",-7.466078,54.814019,"BALLYCOLMAN ROAD","Anti-social behaviour","BT829PH"
"926","2015-01",-6.292819,54.462936,"TAUGHRANE HEIGHTS","Anti-social behaviour","BT667RS"
"927","2015-01",-5.961793,54.678161,"NORTHCROFT","Anti-social behaviour",""
"928","2015-01",-5.792259,54.257132,"MARIAN PARK","Anti-social behaviour","BT308DJ"
"929","2015-01",-6.940087,55.038727,"GLENBURN WAY","Anti-social behaviour","BT490RN"
"930","2015-01",-6.272027,54.351302,"REILLY PLACE","Anti-social behaviour","BT323EY"
"931","2015-01",-5.819155,54.85438,"MCGAREL COURT","Anti-social behaviour","BT401LX"
"932","2015-01",-6.215194,54.620464,"MAIN STREET","Anti-social behaviour","BT936HW"
"933","2015-01",-6.502516,55.066649,"STUART PARK","Anti-social behaviour","BT537BG"
"934","2015-01",-7.639946,54.345747,"HIGH STREET","Anti-social behaviour","BT248AB"
"935","2015-01",-7.29392,54.600867,"HOLMVIEW MEWS","Anti-social behaviour","BT790BB"
"936","2015-01",-7.353108,55.019967,"ENNIS PLACE","Anti-social behaviour","BT480LW"
"937","2015-01",-5.920489,54.587699,"SHAFTESBURY AVENUE","Anti-social behaviour","BT72ES"
"938","2015-01",-7.323763,54.591776,"LAMBROOK CLOSE","Anti-social behaviour","BT785SN"
"939","2015-01",-6.278889,54.864986,"GEORGE STREET","Anti-social behaviour","BT666BL"
"940","2015-01",-5.955902,54.6155,"HAVANA WAY","Anti-social behaviour","BT147QH"
"941","2015-01",-6.189383,54.71697,"DUNAMOY DRIVE","Anti-social behaviour","BT411LD"
"942","2015-01",-6.041317,54.543848,"BARNFIELD ROAD","Anti-social behaviour","BT283TQ"
"943","2015-01",-5.969702,54.556306,"UPPER MALONE PARK","Anti-social behaviour","BT96PP"
"944","2015-01",-6.318527,54.863951,"FAIRYHILL","Anti-social behaviour","BT421FH"
"945","2015-01",-5.667909,54.633592,"ARDVANAGH GRANGE","Anti-social behaviour","BT237XJ"
"946","2015-01",-6.705129,54.248458,"MARKET STREET","Anti-social behaviour","BT622BP"
"947","2015-01",-6.028906,54.510546,"ASHMOUNT GARDENS","Anti-social behaviour","BT275DB"
"948","2015-01",-6.784199,54.507242,"LISNAHULL GARDENS","Anti-social behaviour","BT701UQ"
"949","2015-01",-5.665177,54.665573,"HOLBORN LANE","Anti-social behaviour","BT205EA"
"950","2015-01",-6.037355,54.514025,"SEYMOUR STREET","Anti-social behaviour","BT536JR"
"951","2015-01",-7.627793,54.343024,"TEMPO ROAD","Anti-social behaviour","BT746HR"
"952","2015-01",-6.067837,54.527805,"TULLYVAR PARK","Anti-social behaviour","BT283HJ"
"953","2015-01",-6.443381,54.426597,"PARK ROAD","Anti-social behaviour","BT621BH"
"954","2015-01",-6.441213,54.422032,"SANDY ROW","Anti-social behaviour","BT125EU"
"955","2015-01",-6.743266,54.640053,"FOUNTAIN CLOSE","Anti-social behaviour","BT808QR"
"956","2015-01",-7.268315,54.607605,"KNOCKMOE HEIGHTS","Anti-social behaviour","BT797LX"
"957","2015-01",-6.334009,54.469477,"VICTORIA STREET","Anti-social behaviour","BT679DG"
"958","2015-01",-6.805828,54.503001,"BALLYGAWLEY ROAD","Anti-social behaviour","BT701RW"
"959","2015-01",-6.748197,54.650454,"MILLBURN PARK","Anti-social behaviour","BT808HQ"
"960","2015-01",-6.277823,54.854567,"TOOME ROAD","Anti-social behaviour","BT422BT"
"961","2015-01",-6.685637,55.140405,"GREENHILL ROAD","Anti-social behaviour","BT366JN"
"962","2015-01",-5.791302,54.73194,"PORTSMOUTH GARDENS","Anti-social behaviour","BT387UN"
"963","2015-01",-6.663339,54.841016,"KING WILLIAM III CRESCENT","Anti-social behaviour","BT465HA"
"964","2015-01",-5.949617,54.583785,"TATES AVENUE","Anti-social behaviour","BT97BY"
"965","2015-01",-5.667217,54.590223,"FAIRFIELD COURT","Anti-social behaviour","BT238GA"
"966","2015-01",-6.565739,54.776513,"SHANDON PARK","Anti-social behaviour","BT341QE"
"967","2015-01",-6.654925,54.348038,"CATHEDRAL CLOSE","Anti-social behaviour","BT617EE"
"968","2015-01",-6.34796,54.177171,"MONAGHAN ROW","Anti-social behaviour","BT358DL"
"969","2015-01",-5.930723,54.65342,"MULDERG DRIVE","Anti-social behaviour","BT367JY"
"970","2015-01",-6.305249,54.860783,"CAMERON PARK","Anti-social behaviour","BT421QJ"
"971","2015-01",-6.69121,54.446455,"THE SQUARE","Anti-social behaviour","BT717SG"
"972","2015-01",-6.217308,54.722136,"TIGER COURT","Anti-social behaviour","BT414HX"
"973","2015-01",-7.47556,54.784525,"GROVE TERRACE","Anti-social behaviour","BT465BW"
"974","2015-01",-6.270932,54.846015,"DRUMTARA","Anti-social behaviour","BT423DG"
"975","2015-01",-5.947011,54.612816,"MOUNTVIEW COURT","Anti-social behaviour","BT457QB"
"976","2015-01",-5.970349,54.676364,"ANTRIM ROAD","Anti-social behaviour","BT152AH"
"977","2015-01",-7.353445,55.020382,"O'RIADA COURT","Anti-social behaviour","BT480PY"
"978","2015-01",-5.931677,54.579714,"COLENSO PARADE","Anti-social behaviour","BT95BB"
"979","2015-01",-6.366334,54.445256,"HILLCREST MANOR","Anti-social behaviour","BT655BX"
"980","2015-01",-7.467857,54.827798,"EDEN TERRACE","Anti-social behaviour","BT828EN"
"981","2015-01",-5.690213,54.592614,"MOVILLA STREET","Anti-social behaviour","BT237JQ"
"982","2015-01",-5.666169,54.595019,"HERON LODGE","Anti-social behaviour","BT238WQ"
"983","2015-01",-5.904098,54.557424,"NEWTON PARK","Anti-social behaviour","BT86LL"
"984","2015-01",-5.934143,54.590584,"GREAT VICTORIA STREET","Anti-social behaviour","BT27AG"
"985","2015-01",-7.320709,55.017536,"RACECOURSE ROAD","Anti-social behaviour","BT488DS"
"986","2015-01",-6.346262,54.889541,"ARD-NA-MAINE","Anti-social behaviour","BT421BY"
"987","2015-01",-6.635239,54.344817,"ORANGEFIELD CRESCENT","Anti-social behaviour","BT69GJ"
"988","2015-01",-5.780858,54.729575,"DROMORE ROAD","Anti-social behaviour","BT667NR"
"989","2015-01",-7.213844,54.980601,"LETTERSHENDONY AVENUE","Anti-social behaviour","BT473HY"
"990","2015-01",-6.078527,54.521237,"RATHVARNA AVENUE","Anti-social behaviour","BT282UZ"
"991","2015-01",-5.919596,54.607639,"PILOT STREET","Anti-social behaviour","BT13EZ"
"992","2015-01",-5.667276,54.663573,"HIGH STREET","Anti-social behaviour","BT248AB"
"993","2015-01",-6.663686,55.133707,"RAILWAY PLACE","Anti-social behaviour","BT521PQ"
"994","2015-01",-5.89915,54.601904,"MEDWAY STREET","Anti-social behaviour","BT41GP"
"995","2015-01",-5.669344,54.659668,"MAIN STREET","Anti-social behaviour","BT936HW"
"996","2015-01",-5.924925,54.599348,"UPPER CHURCH LANE","Anti-social behaviour","BT635JE"
"997","2015-01",-7.325658,55.035573,"FERNABBEY COURT","Anti-social behaviour","BT488RN"
"998","2015-01",-5.837175,54.460084,"LISBURN ROAD","Anti-social behaviour","BT97GY"
"999","2015-01",-5.939027,54.62622,"KENBELLA PARADE","Anti-social behaviour","BT155DX"
"1000","2015-01",-7.310529,54.99035,"MARGARET STREET","Anti-social behaviour","BT624BQ"
